id,trade_date,selection_type,ts_code,stock_name,total_score,final_rank,sector,reason,unifuncs_recommended,auction_price,auction_pct_chg,suggested_position,stop_loss,target_price,t2_open,t2_close,t2_return,is_success,created_at,sector_linkage_score,sector_role_label
475,20260424,t_day,002240.SZ,盛新锂能,75.2,1,能源金属,龙虎榜资金认可 + 主力资金大幅流入 + 所属板块热度高 + 【AI推荐】,1.0,,,,,,,,,,,5.797,板块龙头
476,20260424,t_day,001234.SZ,泰慕士,63.92,2,服装家纺,"涨停质量优秀 + 封流比高,主力控盘强",0.0,,,,,,,,,,,3.5172592592592595,前排跟随
477,20260424,t_day,603272.SH,联翔股份,61.87,3,家居用品,涨停质量优秀,0.0,,,,,,,,,,,2.8682857142857143,前排跟随
478,20260424,t_day,001211.SZ,双枪科技,61.47,4,家居用品,涨停质量优秀 + 主力资金大幅流入,0.0,,,,,,,,,,,2.8682857142857143,前排跟随
479,20260424,t_day,603365.SH,水星家纺,60.92,5,服装家纺,涨停质量优秀,0.0,,,,,,,,,,,3.5172592592592595,前排跟随
480,20260424,t_day,603819.SH,神力股份,60.7,6,电机Ⅱ,主力资金大幅流入,0.0,,,,,,,,,,,3.5,前排跟随
481,20260424,t_day,603967.SH,中创物流,60.46,7,物流,涨停质量优秀,0.0,,,,,,,,,,,3.4609565217391305,板块龙头
482,20260424,t_day,000925.SZ,众合科技,60.2,8,轨交设备,涨停质量优秀,0.0,,,,,,,,,,,2.6006666666666667,前排跟随
483,20260424,t_day,002756.SZ,永兴材料,59.2,9,能源金属,主力资金大幅流入 + 所属板块热度高,0.0,,,,,,,,,,,5.797,前排跟随
484,20260424,t_day,002192.SZ,融捷股份,58.8,10,能源金属,龙虎榜资金认可 + 主力资金大幅流入 + 所属板块热度高,0.0,,,,,,,,,,,5.797,前排跟随
455,20260423,t_day,601016.SH,节能风电,75.94,1,电力,龙虎榜资金认可 + 主力资金大幅流入 + 所属板块热度高 + 【AI推荐】,1.0,,,,,,,,,,,6.941703703703704,板块龙头
456,20260423,t_day,601778.SH,晶科科技,69.34,2,电力,主力资金大幅流入 + 所属板块热度高 + 【AI推荐】,1.0,,,,,,,,,,,6.941703703703704,前排跟随
457,20260423,t_day,001234.SZ,泰慕士,64.48,3,服装家纺,"涨停质量优秀 + 封流比高,主力控盘强",0.0,,,,,,,,,,,1.876566037735849,独立强势
458,20260423,t_day,300067.SZ,安诺其,63.73,4,化学制品,"涨停质量优秀 + 封流比高,主力控盘强 + 龙虎榜资金认可",0.0,,,,,,,,,,,2.931454545454545,板块龙头
459,20260423,t_day,300061.SZ,旗天科技,60.7,5,广告营销,涨停质量优秀 + 龙虎榜资金认可,0.0,,,,,,,,,,,2.2960000000000003,前排跟随
460,20260423,t_day,603390.SH,通达电气,59.48,6,汽车零部件,涨停质量优秀 + 龙虎榜资金认可,0.0,,,,,,,,,,,2.4766023166023166,前排跟随
461,20260423,t_day,001215.SZ,千味央厨,58.33,7,食品加工,主力资金大幅流入,0.0,,,,,,,,,,,2.5275555555555558,独立强势
462,20260423,t_day,000537.SZ,绿发电力,57.54,8,电力,所属板块热度高,0.0,,,,,,,,,,,6.941703703703704,前排跟随
463,20260423,t_day,600052.SH,东望时代,57.34,9,电力,涨停质量优秀 + 主力资金大幅流入 + 所属板块热度高,0.0,,,,,,,,,,,6.941703703703704,后排跟风
464,20260423,t_day,600726.SH,华电能源,57.14,10,电力,涨停质量优秀 + 主力资金大幅流入 + 所属板块热度高,0.0,,,,,,,,,,,6.941703703703704,后排跟风
435,20260422,t_day,300067.SZ,安诺其,74.53,1,化学制品,"涨停质量优秀 + 封流比高,主力控盘强 + 龙虎榜资金认可 + 【AI推荐】",1.0,,,,,,,,,,,2.925062937062937,前排跟随
436,20260422,t_day,600736.SH,苏州高新,70.97,2,房地产开发,涨停质量优秀 + 龙虎榜资金认可 + 【AI推荐】,1.0,,,,,,,,,,,3.374,板块龙头
437,20260422,t_day,001234.SZ,泰慕士,64.45,3,服装家纺,"封流比高,主力控盘强",0.0,,,,,,,,,,,2.6469090909090913,前排跟随
438,20260422,t_day,002194.SZ,武汉凡谷,62.81,4,通信设备,涨停质量优秀 + 所属板块热度高,0.0,,,,,,,,,,,6.608947368421053,板块龙头
439,20260422,t_day,002360.SZ,同德化工,60.73,5,化学制品,涨停质量优秀,0.0,,,,,,,,,,,2.925062937062937,前排跟随
440,20260422,t_day,000751.SZ,锌业股份,59.57,6,工业金属,涨停质量优秀 + 主力资金大幅流入,0.0,,,,,,,,,,,2.966,独立强势
441,20260422,t_day,002256.SZ,兆新股份,59.48,7,电力,主力资金大幅流入,0.0,,,,,,,,,,,3.678390243902439,板块龙头
442,20260422,t_day,603903.SH,中持股份,59.36,8,环境治理,涨停质量优秀,0.0,,,,,,,,,,,2.357636363636364,独立强势
443,20260422,t_day,603115.SH,海星股份,58.6,9,元件,涨停质量优秀 + 龙虎榜资金认可,0.0,,,,,,,,,,,5.0,板块龙头
444,20260422,t_day,002397.SZ,梦洁股份,58.25,10,服装家纺,涨停质量优秀 + 主力资金大幅流入,0.0,,,,,,,,,,,2.6469090909090913,前排跟随
425,20260421,t_day,300067.SZ,安诺其,70.56,1,化学制品,"涨停质量优秀 + 封流比高,主力控盘强 + 【AI推荐】",1.0,,,,,,,,,,,2.559048951048951,独立强势
426,20260421,t_day,002982.SZ,湘佳股份,67.07,2,养殖业,"封流比高,主力控盘强 + 主力资金大幅流入",0.0,,,,,,,,,,,2.4703809523809523,独立强势
427,20260421,t_day,000690.SZ,宝新能源,65.61,3,电力,主力资金大幅流入 + 所属板块热度高,0.0,,,,,,,,,,,5.814146341463415,板块龙头
428,20260421,t_day,600979.SH,广安爱众,65.41,4,电力,龙虎榜资金认可 + 所属板块热度高,0.0,,,,,,,,,,,5.814146341463415,前排跟随
429,20260421,t_day,301022.SZ,海泰科,62.54,5,汽车零部件,涨停质量优秀 + 龙虎榜资金认可 + 所属板块热度高,0.0,,,,,,,,,,,4.941577689243028,板块龙头
430,20260421,t_day,603788.SH,宁波高发,62.34,6,汽车零部件,龙虎榜资金认可 + 主力资金大幅流入 + 所属板块热度高,0.0,,,,,,,,,,,4.941577689243028,前排跟随
431,20260421,t_day,000802.SZ,北京文化,61.65,7,影视院线,涨停质量优秀,0.0,,,,,,,,,,,3.048,独立强势
432,20260421,t_day,300533.SZ,冰川网络,60.9,8,游戏Ⅱ,涨停质量优秀 + 龙虎榜资金认可 + 主力资金大幅流入,0.0,,,,,,,,,,,3.5,前排跟随
433,20260421,t_day,600699.SH,均胜电子,60.34,9,汽车零部件,主力资金大幅流入 + 所属板块热度高,0.0,,,,,,,,,,,4.941577689243028,前排跟随
434,20260421,t_day,600103.SH,青山纸业,59.66,10,造纸,涨停质量优秀 + 龙虎榜资金认可 + 主力资金大幅流入 + 所属板块热度高,0.0,,,,,,,,,,,3.6615151515151516,前排跟随
415,20260420,t_day,600149.SH,廊坊发展,67.04,1,电力,涨停质量优秀 + 龙虎榜资金认可 + 主力资金大幅流入 + 所属板块热度高,0.0,,,,,,,,,,,4.840975609756097,板块龙头
416,20260420,t_day,600433.SH,冠豪高新,66.22,2,造纸,涨停质量优秀 + 龙虎榜资金认可 + 主力资金大幅流入 + 所属板块热度高,0.0,,,,,,,,,,,4.024903225806452,前排跟随
417,20260420,t_day,002300.SZ,太阳电缆,63.5,3,电网设备,涨停质量优秀 + 主力资金大幅流入 + 所属板块热度高,0.0,,,,,,,,,,,5.501971830985916,板块龙头
418,20260420,t_day,300540.SZ,蜀道装备,60.9,4,专用设备,龙虎榜资金认可,0.0,,,,,,,,,,,3.7028888888888885,前排跟随
419,20260420,t_day,002081.SZ,金 螳 螂,60.47,5,装修装饰,涨停质量优秀 + 龙虎榜资金认可,0.0,,,,,,,,,,,3.671304347826087,前排跟随
420,20260420,t_day,002242.SZ,九阳股份,60.1,6,小家电,主力资金大幅流入 + 所属板块热度高,0.0,,,,,,,,,,,3.901538461538461,前排跟随
421,20260420,t_day,002491.SZ,通鼎互联,59.97,7,通信设备,涨停质量优秀 + 所属板块热度高,0.0,,,,,,,,,,,4.966235294117647,板块龙头
422,20260420,t_day,600103.SH,青山纸业,59.62,8,造纸,龙虎榜资金认可 + 主力资金大幅流入 + 所属板块热度高,0.0,,,,,,,,,,,4.024903225806452,前排跟随
423,20260420,t_day,001229.SZ,魅视科技,59.2,9,计算机设,涨停质量优秀,0.0,,,,,,,,,,,3.0,独立强势
424,20260420,t_day,301265.SZ,华新科技,58.77,10,环境治理,龙虎榜资金认可 + 主力资金大幅流入,0.0,,,,,,,,,,,2.966615384615385,独立强势
405,20260417,t_day,002281.SZ,光迅科技,73.45,1,通信设备,涨停质量优秀 + 龙虎榜资金认可 + 主力资金大幅流入 + 所属板块热度高 + 【AI推荐】,1.0,,,,,,,,,,,6.450424242424242,板块龙头
406,20260417,t_day,603083.SH,剑桥科技,71.05,2,通信设备,涨停质量优秀 + 所属板块热度高 + 【AI推荐】,1.0,,,,,,,,,,,6.450424242424242,前排跟随
407,20260417,t_day,002802.SZ,洪汇新材,65.0,3,化学制品,"涨停质量优秀 + 封流比高,主力控盘强",0.0,,,,,,,,,,,2.4005714285714284,独立强势
408,20260417,t_day,603052.SH,可川科技,63.01,4,消费电子,涨停质量优秀 + 龙虎榜资金认可 + 主力资金大幅流入 + 所属板块热度高,0.0,,,,,,,,,,,4.608897959183674,板块龙头
409,20260417,t_day,600961.SH,株冶集团,62.55,5,工业金属,涨停质量优秀 + 龙虎榜资金认可,0.0,,,,,,,,,,,3.353333333333333,前排跟随
410,20260417,t_day,603922.SH,金鸿顺,62.32,6,汽车零部件,涨停质量优秀 + 龙虎榜资金认可 + 主力资金大幅流入,0.0,,,,,,,,,,,4.315294117647059,板块龙头
411,20260417,t_day,603278.SH,大业股份,61.37,7,通用设备,涨停质量优秀,0.0,,,,,,,,,,,3.97412955465587,前排跟随
412,20260417,t_day,600552.SH,凯盛科技,60.73,8,光学光电,龙虎榜资金认可 + 所属板块热度高,0.0,,,,,,,,,,,5.329805825242718,板块龙头
413,20260417,t_day,603178.SH,圣龙股份,60.52,9,汽车零部件,涨停质量优秀,0.0,,,,,,,,,,,4.315294117647059,前排跟随
414,20260417,t_day,600962.SH,国投中鲁,60.4,10,农产品加,涨停质量优秀,0.0,,,,,,,,,,,3.0,独立强势
392,20260416,t1_auction,002297.SZ,博云新材,74.35,1,航空装备,竞价爆量 + 主动领涨,0.0,16.08,9.99,0.3,,,,,,,2026-04-16 15:02:44.415578,0.0,
395,20260416,t_day,603906.SH,龙蟠科技,71.31,1,电池,涨停质量优秀 + 所属板块热度高 + 【AI推荐】,1.0,,,,,,,,,,,6.709918367346939,前排跟随
396,20260416,t_day,002802.SZ,洪汇新材,70.95,2,化学制品,"涨停质量优秀 + 封流比高,主力控盘强",0.0,,,,,,,,,,,3.9543076923076925,前排跟随
393,20260416,t1_auction,600664.SH,哈药股份,70.16,2,化学制药,主动领涨,0.0,4.7,5.86,0.3,,,,,,,2026-04-16 15:02:44.415587,0.0,
394,20260416,t1_auction,603815.SH,交建股份,70.08,3,基础建设,竞价涨幅适中 + 竞价爆量 + 主动领涨,0.0,6.51,2.36,0.3,,,,,,,2026-04-16 15:02:44.415588,0.0,
397,20260416,t_day,001230.SZ,劲旅环境,67.93,3,环境治理,涨停质量优秀 + 主力资金大幅流入 + 所属板块热度高,0.0,,,,,,,,,,,4.932307692307693,板块龙头
398,20260416,t_day,600768.SH,宁波富邦,65.82,4,工业金属,涨停质量优秀 + 所属板块热度高,0.0,,,,,,,,,,,4.419639344262295,前排跟随
399,20260416,t_day,600719.SH,大连热电,64.83,5,电力,主力资金大幅流入,0.0,,,,,,,,,,,3.4346233766233767,前排跟随
400,20260416,t_day,002757.SZ,南兴股份,63.84,6,专用设备,涨停质量优秀 + 主力资金大幅流入 + 所属板块热度高,0.0,,,,,,,,,,,4.839910313901345,板块龙头
401,20260416,t_day,002209.SZ,达 意 隆,63.44,7,专用设备,主力资金大幅流入 + 所属板块热度高,0.0,,,,,,,,,,,4.839910313901345,前排跟随
402,20260416,t_day,002613.SZ,北玻股份,62.74,8,玻璃玻纤,涨停质量优秀 + 主力资金大幅流入,0.0,,,,,,,,,,,3.7387058823529413,独立强势
403,20260416,t_day,603933.SH,睿能科技,62.35,9,其他电子,主力资金大幅流入 + 所属板块热度高,0.0,,,,,,,,,,,4.550769230769231,板块龙头
404,20260416,t_day,603032.SH,德新科技,61.91,10,电池,主力资金大幅流入 + 所属板块热度高,0.0,,,,,,,,,,,6.709918367346939,板块龙头
382,20260415,t_day,002297.SZ,博云新材,71.4,1,航空装备,"涨停质量优秀 + 封流比高,主力控盘强 + 龙虎榜资金认可 + 【AI推荐】",1.0,,,,,,,,,,,3.0,独立强势
383,20260415,t_day,600664.SH,哈药股份,68.0,2,化学制药,涨停质量优秀 + 【AI推荐】,1.0,,,,,,,,,,,6.0,后排跟风
384,20260415,t_day,000788.SZ,北大医药,62.6,3,化学制药,主力资金大幅流入,0.0,,,,,,,,,,,6.0,板块龙头
385,20260415,t_day,002798.SZ,帝欧水华,62.1,4,家居用品,涨停质量优秀 + 主力资金大幅流入,0.0,,,,,,,,,,,3.5,前排跟随
386,20260415,t_day,605388.SH,均瑶健康,61.6,5,饮料乳品,龙虎榜资金认可 + 主力资金大幅流入,0.0,,,,,,,,,,,3.0,独立强势
387,20260415,t_day,002498.SZ,汉缆股份,61.4,6,电网设备,龙虎榜资金认可,0.0,,,,,,,,,,,4.0,板块龙头
388,20260415,t_day,600267.SH,海正药业,60.2,7,化学制药,龙虎榜资金认可,0.0,,,,,,,,,,,6.0,前排跟随
389,20260415,t_day,603815.SH,交建股份,60.0,8,基础建设,涨停质量优秀 + 龙虎榜资金认可,0.0,,,,,,,,,,,3.0,独立强势
391,20260415,t_day,002038.SZ,双鹭药业,58.2,10,化学制药,主力资金大幅流入,0.0,,,,,,,,,,,6.0,前排跟随
390,20260415,t_day,001208.SZ,华菱线缆,58.2,9,电网设备,涨停质量优秀 + 主力资金大幅流入,0.0,,,,,,,,,,,4.0,前排跟随
372,20260414,t_day,002297.SZ,博云新材,72.87,1,航空装备,"涨停质量优秀 + 封流比高,主力控盘强 + 【AI推荐】",1.0,,,,,,,,,,,4.067953488372093,前排跟随
373,20260414,t_day,603026.SH,石大胜华,70.88,2,电池,涨停质量优秀 + 龙虎榜资金认可 + 所属板块热度高 + 【AI推荐】,1.0,,,,,,,,,,,5.8756701030927845,板块龙头
374,20260414,t_day,300857.SZ,协创数据,67.00999999999999,3,消费电子,涨停质量优秀 + 龙虎榜资金认可 + 所属板块热度高 + 【AI推荐】,1.0,,,,,,,,,,,5.405538461538461,板块龙头
375,20260414,t_day,002124.SZ,天邦食品,62.27,4,养殖业,涨停质量优秀 + 所属板块热度高,0.0,,,,,,,,,,,4.67,前排跟随
376,20260414,t_day,001299.SZ,美能能源,62.0,5,燃气Ⅱ,"涨停质量优秀 + 封流比高,主力控盘强",0.0,,,,,,,,,,,3.0,独立强势
377,20260414,t_day,603383.SH,顶点软件,60.8,6,软件开发,涨停质量优秀 + 主力资金大幅流入,0.0,,,,,,,,,,,3.0,独立强势
378,20260414,t_day,600173.SH,卧龙新能,60.71,7,房地产开发,主力资金大幅流入 + 所属板块热度高,0.0,,,,,,,,,,,5.311132530120482,板块龙头
379,20260414,t_day,603109.SH,神驰机电,59.73,8,通用设备,主力资金大幅流入 + 所属板块热度高,0.0,,,,,,,,,,,4.733409836065574,板块龙头
380,20260414,t_day,600469.SH,风神股份,59.36,9,汽车零部件,主力资金大幅流入,0.0,,,,,,,,,,,3.9563809523809526,前排跟随
381,20260414,t_day,600605.SH,汇通能源,58.03,10,一般零售,涨停质量优秀,0.0,,,,,,,,,,,3.8271428571428574,前排跟随
360,20260413,t1_auction,002364.SZ,中恒电气,75.11,1,其他电源,竞价爆量 + 主动领涨,0.0,38.63,9.99,0.3,,,,,,,2026-04-13 09:32:48.871898,0.0,
362,20260413,t_day,002297.SZ,博云新材,71.41,1,航空装备,"涨停质量优秀 + 封流比高,主力控盘强 + 【AI推荐】",1.0,,,,,,,,,,,3.2089523809523812,独立强势
361,20260413,t1_auction,002328.SZ,新朋股份,67.81,2,汽车零部件,竞价爆量 + 主动领涨,0.0,11.12,9.99,0.3,,,,,,,2026-04-13 09:32:48.871907,0.0,
363,20260413,t_day,600982.SH,宁波能源,65.91,2,电力,龙虎榜资金认可 + 主力资金大幅流入 + 所属板块热度高,0.0,,,,,,,,,,,5.307012345679013,板块龙头
364,20260413,t_day,301667.SZ,纳百川,65.83,3,汽车零部件,"封流比高,主力控盘强 + 龙虎榜资金认可 + 主力资金大幅流入",0.0,,,,,,,,,,,4.032893280632411,板块龙头
365,20260413,t_day,002364.SZ,中恒电气,65.4,4,其他电源,涨停质量优秀 + 【AI推荐】,1.0,,,,,,,,,,,3.0,独立强势
366,20260413,t_day,001299.SZ,美能能源,65.0,5,燃气Ⅱ,涨停质量优秀 + 龙虎榜资金认可,0.0,,,,,,,,,,,3.0,独立强势
367,20260413,t_day,000010.SZ,美丽生态,64.91,6,基础建设,涨停质量优秀 + 主力资金大幅流入,0.0,,,,,,,,,,,2.309794871794872,独立强势
368,20260413,t_day,603350.SH,安乃达,63.6,7,电机Ⅱ,"封流比高,主力控盘强 + 主力资金大幅流入",0.0,,,,,,,,,,,3.0,独立强势
369,20260413,t_day,002876.SZ,三利谱,62.43,8,光学光电,主力资金大幅流入,0.0,,,,,,,,,,,2.2343076923076923,独立强势
370,20260413,t_day,002321.SZ,华英农业,61.15,9,养殖业,涨停质量优秀 + 所属板块热度高,0.0,,,,,,,,,,,4.55,前排跟随
371,20260413,t_day,002240.SZ,盛新锂能,59.83,10,能源金属,龙虎榜资金认可 + 主力资金大幅流入 + 所属板块热度高,0.0,,,,,,,,,,,4.434666666666667,独立强势
350,20260410,t_day,002364.SZ,中恒电气,75.9,1,其他电源,"涨停质量优秀 + 封流比高,主力控盘强 + 龙虎榜资金认可 + 【AI推荐】",1.0,,,,,,,,,,,3.5,前排跟随
347,20260410,t1_auction,002962.SZ,五方光电,68.68,1,光学光电,竞价爆量 + 主动领涨,0.0,16.29,5.99,0.3,,,,,,,2026-04-10 09:29:36.511722,0.0,
348,20260410,t1_auction,603950.SH,长源东谷,65.25,2,汽车零部件,竞价爆量 + 主动领涨,0.0,49.37,10.0,0.3,,,,,,,2026-04-10 09:29:36.511731,0.0,
351,20260410,t_day,002363.SZ,隆基机械,62.8,2,汽车零部件,主力资金大幅流入 + 所属板块热度高,0.0,,,,,,,,,,,5.797291338582677,板块龙头
349,20260410,t1_auction,002364.SZ,中恒电气,62.65,3,其他电源,竞价爆量 + 主动领涨,0.0,35.12,9.99,0.3,,,,,,,2026-04-10 09:29:36.511732,0.0,
352,20260410,t_day,001299.SZ,美能能源,62.0,3,燃气Ⅱ,涨停质量优秀 + 主力资金大幅流入,0.0,,,,,,,,,,,3.0,独立强势
353,20260410,t_day,605069.SH,正和生态,61.87,4,环境治理,综合评分较高,0.0,,,,,,,,,,,3.670695652173913,前排跟随
354,20260410,t_day,002733.SZ,雄韬股份,61.2,5,电池,主力资金大幅流入 + 所属板块热度高,0.0,,,,,,,,,,,6.598734693877551,板块龙头
355,20260410,t_day,002328.SZ,新朋股份,61.0,6,汽车零部件,涨停质量优秀 + 龙虎榜资金认可 + 所属板块热度高,0.0,,,,,,,,,,,5.797291338582677,前排跟随
356,20260410,t_day,603101.SH,汇嘉时代,60.65,7,一般零售,主力资金大幅流入,0.0,,,,,,,,,,,4.44809756097561,板块龙头
357,20260410,t_day,001269.SZ,欧晶科技,60.38,8,光伏设备,所属板块热度高,0.0,,,,,,,,,,,4.981621621621622,板块龙头
358,20260410,t_day,603933.SH,睿能科技,60.15,9,其他电子,涨停质量优秀 + 所属板块热度高,0.0,,,,,,,,,,,4.554274509803922,板块龙头
359,20260410,t_day,603272.SH,联翔股份,59.97,10,家居用品,涨停质量优秀 + 主力资金大幅流入,0.0,,,,,,,,,,,3.9706478873239432,前排跟随
334,20260409,t1_auction,002491.SZ,通鼎互联,76.21,1,通信设备,竞价涨幅适中 + 竞价爆量 + 主动领涨,0.0,15.59,2.57,0.3,,,,,,,2026-04-09 09:28:23.073768,0.0,
337,20260409,t_day,000070.SZ,特发信息,66.4,1,通信设备,龙虎榜资金认可,0.0,,,,,,,,,,,5.0,板块龙头
335,20260409,t1_auction,001389.SZ,广合科技,64.25,2,元件,竞价涨幅适中,0.0,128.13,2.0,0.3,,,,,,,2026-04-09 09:28:23.073776,0.0,
336,20260409,t1_auction,002131.SZ,利欧股份,63.67,3,通用设备,综合竞价表现良好,0.0,8.03,1.01,0.3,,,,,,,2026-04-09 09:28:23.073777,0.0,
338,20260409,t_day,002962.SZ,五方光电,59.1,2,光学光电,涨停质量优秀,0.0,,,,,,,,,,,4.5,板块龙头
339,20260409,t_day,002364.SZ,中恒电气,58.8,3,其他电源,"涨停质量优秀 + 封流比高,主力控盘强",0.0,,,,,,,,,,,3.0,独立强势
340,20260409,t_day,603950.SH,长源东谷,58.7,4,汽车零部件,涨停质量优秀,0.0,,,,,,,,,,,5.5,板块龙头
341,20260409,t_day,002150.SZ,正泰电源,58.0,5,通用设备,主力资金大幅流入,0.0,,,,,,,,,,,5.0,板块龙头
342,20260409,t_day,002975.SZ,博杰股份,57.0,6,自动化设,涨停质量优秀,0.0,,,,,,,,,,,3.0,独立强势
343,20260409,t_day,300489.SZ,光智科技,56.5,7,光学光电,龙虎榜资金认可,0.0,,,,,,,,,,,4.5,前排跟随
344,20260409,t_day,002843.SZ,泰嘉股份,56.4,8,通用设备,涨停质量优秀,0.0,,,,,,,,,,,5.0,前排跟随
345,20260409,t_day,603306.SH,华懋科技,56.3,9,汽车零部件,涨停质量优秀 + 主力资金大幅流入,0.0,,,,,,,,,,,5.5,前排跟随
346,20260409,t_day,601133.SH,柏诚股份,56.1,10,专业工程,涨停质量优秀 + 龙虎榜资金认可 + 主力资金大幅流入,0.0,,,,,,,,,,,3.5,前排跟随
324,20260408,t_day,002491.SZ,通鼎互联,73.0,1,通信设备,涨停质量优秀 + 龙虎榜资金认可 + 【AI推荐】,1.0,,,,,,,,,,,5.0,板块龙头
321,20260408,t1_auction,000586.SZ,汇源通信,68.6,1,通信设备,竞价爆量 + 主动领涨,0.0,22.84,10.02,0.3,,,,,,,2026-04-08 09:30:08.984228,0.0,
322,20260408,t1_auction,300821.SZ,东岳硅材,68.18,2,化学制品,竞价爆量 + 主动领涨,0.0,14.1,5.3,0.3,,,,,,,2026-04-08 09:30:08.984237,0.0,
323,20260408,t1_auction,603260.SH,合盛硅业,67.8,3,化学制品,竞价涨幅适中 + 主动领涨,0.0,44.0,2.28,0.3,,,,,,,2026-04-08 09:30:08.984238,0.0,
325,20260408,t_day,300058.SZ,蓝色光标,66.2,2,广告营销,涨停质量优秀 + 龙虎榜资金认可 + 主力资金大幅流入,0.0,,,,,,,,,,,5.0,板块龙头
326,20260408,t_day,920171.BJ,志晟信息,63.4,3,IT服务Ⅱ,涨停质量优秀 + 龙虎榜资金认可,0.0,,,,,,,,,,,5.0,板块龙头
327,20260408,t_day,001389.SZ,广合科技,62.3,4,元件,涨停质量优秀 + 主力资金大幅流入,0.0,,,,,,,,,,,6.5,板块龙头
328,20260408,t_day,002921.SZ,联诚精密,62.2,5,汽车零部件,主力资金大幅流入,0.0,,,,,,,,,,,6.0,板块龙头
329,20260408,t_day,603950.SH,长源东谷,60.6,6,汽车零部件,涨停质量优秀,0.0,,,,,,,,,,,6.0,前排跟随
331,20260408,t_day,603598.SH,引力传媒,60.0,8,广告营销,涨停质量优秀 + 主力资金大幅流入,0.0,,,,,,,,,,,5.0,前排跟随
330,20260408,t_day,600105.SH,永鼎股份,60.0,7,通信设备,主力资金大幅流入,0.0,,,,,,,,,,,5.0,前排跟随
332,20260408,t_day,002131.SZ,利欧股份,59.9,9,通用设备,综合评分较高,0.0,,,,,,,,,,,6.5,板块龙头
333,20260408,t_day,600986.SH,浙文互联,59.6,10,广告营销,涨停质量优秀 + 主力资金大幅流入,0.0,,,,,,,,,,,5.0,前排跟随
311,20260407,t_day,000586.SZ,汇源通信,73.38,1,通信设备,"涨停质量优秀 + 封流比高,主力控盘强 + 【AI推荐】",1.0,,,,,,,,,,,5.381411764705883,板块龙头
312,20260407,t_day,300927.SZ,江天化学,72.15,2,化学原料,龙虎榜资金认可 + 主力资金大幅流入 + 所属板块热度高,0.0,,,,,,,,,,,8.148,板块龙头
313,20260407,t_day,600955.SH,维远股份,67.95,3,化学原料,涨停质量优秀 + 主力资金大幅流入 + 所属板块热度高,0.0,,,,,,,,,,,8.148,前排跟随
314,20260407,t_day,603188.SH,亚邦股份,66.56,4,化学制品,龙虎榜资金认可 + 主力资金大幅流入 + 所属板块热度高,0.0,,,,,,,,,,,7.558520547945205,板块龙头
315,20260407,t_day,002109.SZ,兴化股份,65.15,5,化学原料,涨停质量优秀 + 主力资金大幅流入 + 所属板块热度高,0.0,,,,,,,,,,,8.148,前排跟随
316,20260407,t_day,002637.SZ,赞宇科技,64.96,6,化学制品,主力资金大幅流入 + 所属板块热度高,0.0,,,,,,,,,,,7.558520547945205,前排跟随
318,20260407,t_day,603968.SH,醋化股份,64.16,8,化学制品,涨停质量优秀 + 所属板块热度高,0.0,,,,,,,,,,,7.558520547945205,后排跟风
317,20260407,t_day,603260.SH,合盛硅业,64.16,7,化学制品,涨停质量优秀 + 主力资金大幅流入 + 所属板块热度高,0.0,,,,,,,,,,,7.558520547945205,前排跟随
319,20260407,t_day,300821.SZ,东岳硅材,63.96,9,化学制品,涨停质量优秀 + 龙虎榜资金认可 + 所属板块热度高,0.0,,,,,,,,,,,7.558520547945205,后排跟风
320,20260407,t_day,002274.SZ,华昌化工,63.55,10,化学原料,主力资金大幅流入 + 所属板块热度高,0.0,,,,,,,,,,,8.148,后排跟风
299,20260403,t_day,000001.SZ,测试股票,95.5,1,测试板块,测试理由,,,,0.5,,,,,,,,0.0,
310,20260403,t_day,000002.SZ,万科A,92.5,2,房地产,主力资金大幅流入,,,,0.4,,,,,,,,0.0,
300,20260403,t_day,002980.SZ,华盛昌,72.39,1,电网设备,涨停质量优秀 + 主力资金大幅流入 + 【AI推荐】,1.0,,,,,,,,,,,3.391774647887324,板块龙头
301,20260403,t_day,002952.SZ,亚世光电,72.35,2,光学光电,主力资金大幅流入 + 【AI推荐】,1.0,,,,,,,,,,,2.948205607476635,前排跟随
302,20260403,t_day,000586.SZ,汇源通信,69.59,3,通信设备,涨停质量优秀 + 龙虎榜资金认可 + 所属板块热度高,0.0,,,,,,,,,,,5.586740740740741,板块龙头
276,20260403,t1_auction,300839.SZ,博汇股份,67.49,1,炼化及贸,综合竞价表现良好,0.0,17.01,1.92,0.3,,,,,,,2026-04-03 09:28:26.709506,0.0,
277,20260403,t1_auction,605162.SH,新中港,65.44,2,电力,竞价涨幅适中 + 主动领涨,0.0,14.48,3.06,0.3,,,,,,,2026-04-03 09:28:26.709514,0.0,
278,20260403,t1_auction,002828.SZ,贝肯能源,65.02,3,油服工程,竞价爆量 + 主动领涨,0.0,15.17,10.01,0.3,,,,,,,2026-04-03 09:28:26.709516,0.0,
303,20260403,t_day,300608.SZ,思特奇,62.6,4,软件开发,涨停质量优秀 + 龙虎榜资金认可,0.0,,,,,,,,,,,5.0,板块龙头
304,20260403,t_day,003031.SZ,中瓷电子,61.79,5,通信设备,龙虎榜资金认可 + 主力资金大幅流入 + 所属板块热度高,0.0,,,,,,,,,,,5.586740740740741,前排跟随
305,20260403,t_day,002796.SZ,世嘉科技,61.59,6,通信设备,龙虎榜资金认可 + 主力资金大幅流入 + 所属板块热度高,0.0,,,,,,,,,,,5.586740740740741,前排跟随
306,20260403,t_day,605303.SH,园林股份,58.67,7,基础建设,主力资金大幅流入,0.0,,,,,,,,,,,1.266341463414634,独立强势
307,20260403,t_day,003007.SZ,直真科技,58.4,8,软件开发,综合评分较高,0.0,,,,,,,,,,,5.0,前排跟随
308,20260403,t_day,603189.SH,网达软件,57.2,9,软件开发,综合评分较高,0.0,,,,,,,,,,,5.0,前排跟随
309,20260403,t_day,600302.SH,标准股份,57.03,10,专用设备,主力资金大幅流入,0.0,,,,,,,,,,,2.4271929824561402,前排跟随
263,20260402,t1_auction,002639.SZ,雪人集团,70.28,1,通用设备,竞价涨幅适中 + 主动领涨,0.0,19.2,2.02,0.3,,,,,,,2026-04-02 09:57:32.096694,0.0,
264,20260402,t1_auction,300436.SZ,广生堂,69.11,2,化学制药,竞价涨幅适中 + 主动领涨,0.0,121.79,2.32,0.3,,,,,,,2026-04-02 09:57:32.096703,0.0,
265,20260402,t1_auction,002923.SZ,润都股份,68.59,3,化学制药,竞价爆量 + 主动领涨,0.0,18.8,9.05,0.3,,,,,,,2026-04-02 09:57:32.096705,0.0,
266,20260402,t_day,300839.SZ,博汇股份,67.2,1,炼化及贸,涨停质量优秀 + 龙虎榜资金认可 + 【AI推荐】,1.0,,,,,,,,,,,4.0,板块龙头
267,20260402,t_day,603122.SH,合富中国,59.2,2,医疗服务,涨停质量优秀 + 主力资金大幅流入,0.0,,,,,,,,,,,3.0,独立强势
268,20260402,t_day,605162.SH,新中港,56.4,3,电力,涨停质量优秀 + 【AI推荐】,1.0,,,,,,,,,,,4.0,前排跟随
269,20260402,t_day,603477.SH,巨星农牧,55.6,4,养殖业,龙虎榜资金认可 + 主力资金大幅流入,0.0,,,,,,,,,,,3.0,独立强势
270,20260402,t_day,603798.SH,康普顿,55.4,5,炼化及贸,涨停质量优秀,0.0,,,,,,,,,,,4.0,前排跟随
271,20260402,t_day,002828.SZ,贝肯能源,55.3,6,油服工程,涨停质量优秀,0.0,,,,,,,,,,,3.5,前排跟随
272,20260402,t_day,603222.SH,济民健康,53.2,7,医疗器械,综合评分较高,0.0,,,,,,,,,,,3.0,独立强势
273,20260402,t_day,000586.SZ,汇源通信,52.9,8,通信设备,综合评分较高,0.0,,,,,,,,,,,3.5,前排跟随
274,20260402,t_day,002051.SZ,中工国际,52.8,9,专业工程,涨停质量优秀 + 主力资金大幅流入,0.0,,,,,,,,,,,3.0,独立强势
275,20260402,t_day,600594.SH,益佰制药,52.6,10,中药Ⅱ,涨停质量优秀 + 主力资金大幅流入,0.0,,,,,,,,,,,3.0,独立强势
253,20260401,t_day,002902.SZ,铭普光磁,80.31,1,通信设备,"涨停质量优秀 + 封流比高,主力控盘强 + 所属板块热度高 + 【AI推荐】",1.0,,,,,,,,,,,5.70979104477612,板块龙头
254,20260401,t_day,002821.SZ,凯莱英,75.2,2,医疗服务,涨停质量优秀 + 龙虎榜资金认可 + 主力资金大幅流入 + 所属板块热度高 + 【AI推荐】,1.0,,,,,,,,,,,4.996962962962963,前排跟随
250,20260401,t1_auction,000008.SZ,神州高铁,73.39,1,轨交设备,主动领涨 + T日评分优秀,0.0,3.6,10.09,0.3,,,,,,,2026-04-01 09:36:21.695986,0.0,
251,20260401,t1_auction,000631.SZ,顺发恒能,69.06,2,电力,竞价爆量 + 主动领涨,0.0,4.54,6.32,0.3,,,,,,,2026-04-01 09:36:21.696001,0.0,
255,20260401,t_day,600105.SH,永鼎股份,67.91,3,通信设备,主力资金大幅流入 + 所属板块热度高 + 【AI推荐】,1.0,,,,,,,,,,,5.70979104477612,前排跟随
252,20260401,t1_auction,300834.SZ,星辉环材,67.57,3,塑料,竞价爆量 + 主动领涨,0.0,36.23,19.97,0.3,,,,,,,2026-04-01 09:36:21.696003,0.0,
256,20260401,t_day,002639.SZ,雪人集团,66.78,4,通用设备,龙虎榜资金认可 + 主力资金大幅流入,0.0,,,,,,,,,,,4.375186991869919,前排跟随
257,20260401,t_day,300149.SZ,睿智医药,65.0,5,医疗服务,涨停质量优秀 + 龙虎榜资金认可 + 所属板块热度高,0.0,,,,,,,,,,,4.996962962962963,前排跟随
258,20260401,t_day,000788.SZ,北大医药,64.58,6,化学制药,涨停质量优秀 + 主力资金大幅流入 + 所属板块热度高,0.0,,,,,,,,,,,7.180149253731344,板块龙头
259,20260401,t_day,300436.SZ,广生堂,64.38,7,化学制药,涨停质量优秀 + 龙虎榜资金认可 + 主力资金大幅流入 + 所属板块热度高,0.0,,,,,,,,,,,7.180149253731344,前排跟随
260,20260401,t_day,002940.SZ,昂利康,64.18,8,化学制药,涨停质量优秀 + 所属板块热度高,0.0,,,,,,,,,,,7.180149253731344,前排跟随
261,20260401,t_day,603158.SH,腾龙股份,62.78,9,汽车零部件,主力资金大幅流入 + 所属板块热度高,0.0,,,,,,,,,,,4.9790624999999995,板块龙头
262,20260401,t_day,002923.SZ,润都股份,62.58,10,化学制药,涨停质量优秀 + 所属板块热度高,0.0,,,,,,,,,,,7.180149253731344,后排跟风
240,20260331,t_day,000008.SZ,神州高铁,81.2,1,轨交设备,涨停质量优秀 + 龙虎榜资金认可 + 主力资金大幅流入 + 所属板块热度高 + 【AI推荐】,1.0,,,,,,,,,,,5.598181818181818,板块龙头
237,20260331,t1_auction,002532.SZ,天山铝业,73.36,1,工业金属,竞价爆量,0.0,17.98,1.41,0.3,,,,,,,2026-03-31 09:50:26.153225,0.0,
238,20260331,t1_auction,601388.SH,怡球资源,69.51,2,工业金属,竞价涨幅适中 + 主动领涨,0.0,4.02,2.03,0.3,,,,,,,2026-03-31 09:50:26.153237,0.0,
239,20260331,t1_auction,002160.SZ,常铝股份,69.28,3,工业金属,竞价爆量 + 主动领涨,0.0,5.79,5.46,0.3,,,,,,,2026-03-31 09:50:26.153238,0.0,
241,20260331,t_day,600495.SH,晋西车轴,64.6,2,轨交设备,龙虎榜资金认可 + 所属板块热度高,0.0,,,,,,,,,,,5.598181818181818,前排跟随
242,20260331,t_day,605162.SH,新中港,62.48,3,电力,涨停质量优秀 + 主力资金大幅流入 + 所属板块热度高,0.0,,,,,,,,,,,4.284095238095238,板块龙头
243,20260331,t_day,001239.SZ,永达股份,60.82,4,工程机械,涨停质量优秀,0.0,,,,,,,,,,,3.0244444444444447,前排跟随
244,20260331,t_day,301048.SZ,金鹰重工,60.8,5,轨交设备,涨停质量优秀 + 龙虎榜资金认可 + 主力资金大幅流入 + 所属板块热度高,0.0,,,,,,,,,,,5.598181818181818,前排跟随
245,20260331,t_day,300834.SZ,星辉环材,60.51,6,塑料,涨停质量优秀 + 龙虎榜资金认可,0.0,,,,,,,,,,,2.5051489361702126,板块龙头
246,20260331,t_day,000070.SZ,特发信息,60.15,7,通信设备,龙虎榜资金认可 + 主力资金大幅流入,0.0,,,,,,,,,,,2.747480916030534,独立强势
247,20260331,t_day,603660.SH,苏州科达,60.0,8,计算机设,龙虎榜资金认可 + 主力资金大幅流入,0.0,,,,,,,,,,,3.0,独立强势
248,20260331,t_day,000631.SZ,顺发恒能,59.88,9,电力,涨停质量优秀 + 所属板块热度高,0.0,,,,,,,,,,,4.284095238095238,前排跟随
249,20260331,t_day,002560.SZ,通达股份,59.09,10,电网设备,涨停质量优秀 + 主力资金大幅流入,0.0,,,,,,,,,,,2.286281690140845,前排跟随
224,20260330,t1_auction,002263.SZ,大东南,72.61,1,塑料,竞价涨幅适中 + 主动领涨,0.0,4.17,2.46,0.3,,,,,,,2026-03-30 09:30:12.619246,0.0,
225,20260330,t1_auction,600310.SH,广西能源,72.15,2,电力,竞价爆量 + 主动领涨,0.0,6.99,5.91,0.3,,,,,,,2026-03-30 09:30:12.619259,0.0,
227,20260330,t_day,002532.SZ,天山铝业,70.86,1,工业金属,涨停质量优秀 + 所属板块热度高 + 【AI推荐】,1.0,,,,,,,,,,,6.664491803278688,后排跟风
226,20260330,t1_auction,300204.SZ,舒泰神,69.94,3,化学制药,竞价涨幅适中 + 主动领涨,0.0,28.45,2.49,0.3,,,,,,,2026-03-30 09:30:12.619260,0.0,
228,20260330,t_day,601388.SH,怡球资源,67.66,2,工业金属,龙虎榜资金认可 + 所属板块热度高,0.0,,,,,,,,,,,6.664491803278688,板块龙头
229,20260330,t_day,002361.SZ,神剑股份,66.82,3,塑料,涨停质量优秀 + 龙虎榜资金认可 + 主力资金大幅流入 + 【AI推荐】,1.0,,,,,,,,,,,3.2182795698924727,前排跟随
230,20260330,t_day,003042.SZ,中农联合,65.9,4,农化制品,涨停质量优秀 + 龙虎榜资金认可,0.0,,,,,,,,,,,3.5,前排跟随
231,20260330,t_day,002980.SZ,华盛昌,65.72,5,电网设备,涨停质量优秀 + 主力资金大幅流入 + 所属板块热度高,0.0,,,,,,,,,,,4.120822695035462,板块龙头
232,20260330,t_day,002686.SZ,亿利达,63.82,6,通用设备,涨停质量优秀,0.0,,,,,,,,,,,3.6160826446280994,前排跟随
233,20260330,t_day,600359.SH,新农开发,63.47,7,种植业,涨停质量优秀 + 龙虎榜资金认可 + 主力资金大幅流入 + 所属板块热度高,0.0,,,,,,,,,,,4.068,独立强势
235,20260330,t_day,002578.SZ,闽发铝业,63.26,9,工业金属,涨停质量优秀 + 所属板块热度高,0.0,,,,,,,,,,,6.664491803278688,前排跟随
234,20260330,t_day,002160.SZ,常铝股份,63.26,8,工业金属,涨停质量优秀 + 所属板块热度高,0.0,,,,,,,,,,,6.664491803278688,前排跟随
236,20260330,t_day,301008.SZ,宏昌科技,61.8,10,家电零部,龙虎榜资金认可,0.0,,,,,,,,,,,3.0,独立强势
211,20260327,t1_auction,000720.SZ,新能泰山,74.55,1,电网设备,竞价爆量 + 主动领涨,0.0,5.43,8.38,0.3,,,,,,,2026-03-27 10:41:17.850602,0.0,
214,20260327,t_day,603026.SH,石大胜华,71.1,1,电池,龙虎榜资金认可 + 所属板块热度高 + 【AI推荐】,1.0,,,,,,,,,,,6.095918367346938,前排跟随
212,20260327,t1_auction,000692.SZ,惠天热电,70.19,2,电力,竞价爆量 + 主动领涨,0.0,5.39,10.0,0.3,,,,,,,2026-03-27 10:41:17.850620,0.0,
215,20260327,t_day,603399.SH,永杉锂业,69.61,2,能源金属,龙虎榜资金认可 + 主力资金大幅流入 + 所属板块热度高,0.0,,,,,,,,,,,7.006,板块龙头
216,20260327,t_day,300204.SZ,舒泰神,68.53,3,化学制药,龙虎榜资金认可 + 主力资金大幅流入 + 所属板块热度高,0.0,,,,,,,,,,,8.128149253731342,板块龙头
213,20260327,t1_auction,000767.SZ,晋控电力,67.93,3,电力,竞价爆量 + 主动领涨,0.0,4.9,5.83,0.3,,,,,,,2026-03-27 10:41:17.850622,0.0,
217,20260327,t_day,600310.SH,广西能源,66.19,4,电力,涨停质量优秀 + 龙虎榜资金认可 + 所属板块热度高,0.0,,,,,,,,,,,4.993,板块龙头
218,20260327,t_day,002263.SZ,大东南,65.64,5,塑料,涨停质量优秀 + 龙虎榜资金认可 + 主力资金大幅流入,0.0,,,,,,,,,,,4.036297872340425,前排跟随
219,20260327,t_day,600110.SH,诺德股份,64.9,6,电池,龙虎榜资金认可 + 主力资金大幅流入 + 所属板块热度高,0.0,,,,,,,,,,,6.095918367346938,板块龙头
220,20260327,t_day,003042.SZ,中农联合,64.7,7,农化制品,主力资金大幅流入,0.0,,,,,,,,,,,5.5,板块龙头
221,20260327,t_day,002995.SZ,天地在线,64.32,8,广告营销,"涨停质量优秀 + 封流比高,主力控盘强",0.0,,,,,,,,,,,3.7154838709677422,独立强势
222,20260327,t_day,002038.SZ,双鹭药业,62.73,9,化学制药,涨停质量优秀 + 所属板块热度高,0.0,,,,,,,,,,,8.128149253731342,前排跟随
223,20260327,t_day,000695.SZ,滨海能源,62.3,10,电池,主力资金大幅流入 + 所属板块热度高,0.0,,,,,,,,,,,6.095918367346938,前排跟随
198,20260326,t1_auction,002902.SZ,铭普光磁,73.96,1,通信设备,竞价爆量 + 主动领涨,0.0,28.0,7.9,0.3,,,,,,,2026-03-26 10:30:20.436275,0.0,
199,20260326,t1_auction,002491.SZ,通鼎互联,73.27,2,通信设备,竞价爆量,0.0,11.61,1.84,0.3,,,,,,,2026-03-26 10:30:20.436288,0.0,
201,20260326,t_day,000720.SZ,新能泰山,71.82,1,电网设备,涨停质量优秀 + 龙虎榜资金认可 + 【AI推荐】,1.0,,,,,,,,,,,2.6233521126760566,板块龙头
200,20260326,t1_auction,000722.SZ,湖南发展,71.31,3,电力,竞价爆量 + 主动领涨,0.0,17.78,6.98,0.3,,,,,,,2026-03-26 10:30:20.436289,0.0,
202,20260326,t_day,601908.SH,京运通,71.1,2,电力,涨停质量优秀 + 龙虎榜资金认可 + 主力资金大幅流入 + 所属板块热度高,0.0,,,,,,,,,,,6.497268292682927,板块龙头
203,20260326,t_day,000692.SZ,惠天热电,68.3,3,电力,涨停质量优秀 + 龙虎榜资金认可 + 所属板块热度高,0.0,,,,,,,,,,,6.497268292682927,前排跟随
204,20260326,t_day,600310.SH,广西能源,62.7,4,电力,涨停质量优秀 + 龙虎榜资金认可 + 所属板块热度高,0.0,,,,,,,,,,,6.497268292682927,前排跟随
205,20260326,t_day,000767.SZ,晋控电力,60.5,5,电力,龙虎榜资金认可 + 所属板块热度高,0.0,,,,,,,,,,,6.497268292682927,后排跟风
206,20260326,t_day,600163.SH,中闽能源,58.9,6,电力,涨停质量优秀 + 龙虎榜资金认可 + 所属板块热度高,0.0,,,,,,,,,,,6.497268292682927,后排跟风
207,20260326,t_day,600207.SH,安彩高科,58.34,7,光伏设备,涨停质量优秀 + 龙虎榜资金认可 + 主力资金大幅流入,0.0,,,,,,,,,,,1.7372432432432432,独立强势
208,20260326,t_day,605555.SH,德昌股份,58.06,8,小家电,主力资金大幅流入,0.0,,,,,,,,,,,2.655384615384615,前排跟随
209,20260326,t_day,002361.SZ,神剑股份,57.22,9,塑料,龙虎榜资金认可 + 主力资金大幅流入,0.0,,,,,,,,,,,2.221531914893617,前排跟随
210,20260326,t_day,002149.SZ,西部材料,57.2,10,小金属,龙虎榜资金认可 + 主力资金大幅流入,0.0,,,,,,,,,,,3.0,独立强势
188,20260325,t_day,002491.SZ,通鼎互联,73.61,1,通信设备,涨停质量优秀 + 主力资金大幅流入 + 所属板块热度高 + 【AI推荐】,1.0,,,,,,,,,,,8.413820895522388,前排跟随
185,20260325,t1_auction,002218.SZ,拓日新能,71.33,1,电力,主动领涨,0.0,7.73,6.62,0.3,,,,,,,2026-03-25 09:27:56.223410,0.0,
189,20260325,t_day,002902.SZ,铭普光磁,70.61,2,通信设备,"涨停质量优秀 + 封流比高,主力控盘强 + 所属板块热度高",0.0,,,,,,,,,,,8.413820895522388,板块龙头
190,20260325,t_day,001376.SZ,百通能源,69.47,3,电力,涨停质量优秀 + 主力资金大幅流入 + 所属板块热度高,0.0,,,,,,,,,,,8.065658536585365,板块龙头
186,20260325,t1_auction,600744.SH,华银电力,69.18,2,电力,竞价涨幅适中 + 主动领涨,0.0,8.96,2.17,0.3,,,,,,,2026-03-25 09:27:56.223422,0.0,
187,20260325,t1_auction,300385.SZ,雪浪环境,68.64,3,环境治理,竞价爆量 + 主动领涨,0.0,21.77,16.23,0.3,,,,,,,2026-03-25 09:27:56.223423,0.0,
191,20260325,t_day,600345.SH,长江通信,65.01,4,通信设备,主力资金大幅流入 + 所属板块热度高,0.0,,,,,,,,,,,8.413820895522388,前排跟随
192,20260325,t_day,000993.SZ,闽东电力,64.67,5,电力,主力资金大幅流入 + 所属板块热度高,0.0,,,,,,,,,,,8.065658536585365,前排跟随
193,20260325,t_day,000722.SZ,湖南发展,64.47,6,电力,涨停质量优秀 + 所属板块热度高,0.0,,,,,,,,,,,8.065658536585365,前排跟随
194,20260325,t_day,001400.SZ,江顺科技,64.43,7,专用设备,"涨停质量优秀 + 封流比高,主力控盘强",0.0,,,,,,,,,,,4.230869565217391,前排跟随
195,20260325,t_day,301419.SZ,阿莱德,63.61,8,通信设备,涨停质量优秀 + 龙虎榜资金认可 + 所属板块热度高,0.0,,,,,,,,,,,8.413820895522388,后排跟风
196,20260325,t_day,300069.SZ,金利华电,63.15,9,电网设备,龙虎榜资金认可 + 主力资金大幅流入 + 所属板块热度高,0.0,,,,,,,,,,,5.546251748251748,板块龙头
197,20260325,t_day,000720.SZ,新能泰山,62.75,10,电网设备,涨停质量优秀 + 所属板块热度高,0.0,,,,,,,,,,,5.546251748251748,前排跟随
175,20260324,t_day,002218.SZ,拓日新能,73.33,1,电力,涨停质量优秀 + 龙虎榜资金认可 + 主力资金大幅流入 + 所属板块热度高,0.0,,,,,,,,,,,8.325999999999999,板块龙头
176,20260324,t_day,300335.SZ,迪森股份,70.13,2,电力,涨停质量优秀 + 龙虎榜资金认可 + 主力资金大幅流入 + 所属板块热度高,0.0,,,,,,,,,,,8.325999999999999,前排跟随
162,20260324,t1_auction,600758.SH,,68.96,1,,"竞价涨幅9.1%, 量比41.3",,5.16,9.09,0.3,,,,,,,,0.0,
177,20260324,t_day,002795.SZ,永和智控,68.74,3,通用设备,涨停质量优秀 + 主力资金大幅流入 + 所属板块热度高,0.0,,,,,,,,,,,5.740829268292683,板块龙头
163,20260324,t1_auction,600149.SH,,67.15,2,,"竞价涨幅2.2%, 量比8.8",,6.5,2.2,0.3,,,,,,,,0.0,
164,20260324,t1_auction,002218.SZ,,66.74,3,,"竞价涨幅7.0%, 量比9.8",,7.05,6.98,0.3,,,,,,,,0.0,
178,20260324,t_day,300385.SZ,雪浪环境,65.63,4,环境治理,涨停质量优秀 + 龙虎榜资金认可 + 所属板块热度高,0.0,,,,,,,,,,,5.631833333333333,板块龙头
179,20260324,t_day,600666.SH,奥瑞德,64.83,5,光学光电,涨停质量优秀 + 龙虎榜资金认可 + 主力资金大幅流入 + 所属板块热度高,0.0,,,,,,,,,,,5.02585046728972,板块龙头
180,20260324,t_day,600744.SH,华银电力,64.53,6,电力,主力资金大幅流入 + 所属板块热度高,0.0,,,,,,,,,,,8.325999999999999,前排跟随
181,20260324,t_day,000720.SZ,新能泰山,64.17,7,电网设备,涨停质量优秀 + 所属板块热度高,0.0,,,,,,,,,,,6.370041958041958,板块龙头
182,20260324,t_day,603527.SH,众源新材,63.74,8,工业金属,主力资金大幅流入 + 所属板块热度高,0.0,,,,,,,,,,,5.536426229508196,板块龙头
183,20260324,t_day,000509.SZ,华塑控股,63.63,9,光学光电,涨停质量优秀 + 所属板块热度高,0.0,,,,,,,,,,,5.02585046728972,前排跟随
184,20260324,t_day,000722.SZ,湖南发展,62.93,10,电力,涨停质量优秀 + 所属板块热度高,0.0,,,,,,,,,,,8.325999999999999,后排跟风
158,20260324,test,000001.SZ,测试股票,60.0,1,测试板块,测试保存,0.0,,,,,,,,,,2026-03-24 09:24:31.638087,5.0,测试
159,20260323,t1_auction,002256.SZ,兆新股份,69.07,1,电力,竞价涨幅适中 + 主动领涨,0.0,4.7,4.68,0.3,,,,,,,2026-03-24 16:18:46.197993,0.0,
160,20260323,t1_auction,603687.SH,大胜达,64.69,2,包装印刷,竞价爆量 + 主动领涨,0.0,14.73,10.01,0.3,,,,,,,2026-03-24 16:18:46.198006,0.0,
161,20260323,t1_auction,002309.SZ,中利集团,63.7,3,光伏设备,主动领涨,0.0,4.19,9.97,0.3,,,,,,,2026-03-24 16:18:46.198007,0.0,
145,20260320,t1_auction,000601.SZ,韶能股份,71.31,1,电力,竞价爆量 + 主动领涨,0.0,8.13,9.86,0.3,,,,,,,2026-03-20 10:04:16.321433,0.0,
146,20260320,t1_auction,002310.SZ,东方新能,69.09,2,电力,竞价涨幅适中 + 主动领涨,0.0,3.25,2.85,0.3,,,,,,,2026-03-20 10:04:16.321458,0.0,
147,20260320,t1_auction,601218.SH,吉鑫科技,66.64,3,风电设备,竞价涨幅适中 + 主动领涨,0.0,7.7,3.63,0.3,,,,,,,2026-03-20 10:04:16.321459,0.0,
148,20260320,t_day,000601.SZ,韶能股份,64.43,1,电力,涨停质量优秀 + 主力资金大幅流入 + 所属板块热度高,0.0,,,,,,,,,,2026-03-20 20:49:49.375818,6.233185185185185,板块龙头
149,20260320,t_day,002309.SZ,中利集团,63.89,2,光伏设备,涨停质量优秀 + 所属板块热度高,0.0,,,,,,,,,,2026-03-20 20:49:49.375826,6.487513513513514,板块龙头
150,20260320,t_day,603381.SH,永臻股份,62.29,3,光伏设备,龙虎榜资金认可 + 所属板块热度高,0.0,,,,,,,,,,2026-03-20 20:49:49.375827,6.487513513513514,前排跟随
151,20260320,t_day,000862.SZ,银星能源,60.43,4,电力,龙虎榜资金认可 + 所属板块热度高,0.0,,,,,,,,,,2026-03-20 20:49:49.375828,6.233185185185185,前排跟随
152,20260320,t_day,002256.SZ,兆新股份,58.43,5,电力,涨停质量优秀 + 龙虎榜资金认可 + 所属板块热度高,0.0,,,,,,,,,,2026-03-20 20:49:49.375828,6.233185185185185,前排跟随
153,20260320,t_day,301658.SZ,首航新能,57.89,6,光伏设备,"封流比高,主力控盘强 + 主力资金大幅流入 + 所属板块热度高",0.0,,,,,,,,,,2026-03-20 20:49:49.375829,6.487513513513514,前排跟随
154,20260320,t_day,603687.SH,大胜达,57.57,7,包装印刷,涨停质量优秀 + 龙虎榜资金认可,0.0,,,,,,,,,,2026-03-20 20:49:49.375829,1.1724489795918367,独立强势
155,20260320,t_day,000509.SZ,华塑控股,57.39,8,光学光电,涨停质量优秀 + 主力资金大幅流入,0.0,,,,,,,,,,2026-03-20 20:49:49.375830,2.1858095238095236,前排跟随
156,20260320,t_day,600617.SH,国新能源,53.4,9,燃气Ⅱ,涨停质量优秀 + 龙虎榜资金认可,0.0,,,,,,,,,,2026-03-20 20:49:49.375830,3.0,独立强势
157,20260320,t_day,002428.SZ,云南锗业,53.2,10,小金属,涨停质量优秀,0.0,,,,,,,,,,2026-03-20 20:49:49.375831,3.0,独立强势
142,20260319,t1_auction,603387.SH,基蛋生物,73.69,1,医疗器械,竞价爆量,0.0,11.28,8.67,0.3,,,,,,,2026-03-19 22:29:37.412272,0.0,
143,20260319,t1_auction,000020.SZ,深华发Ａ,72.87,2,光学光电,竞价爆量,0.0,21.21,10.01,0.3,,,,,,,2026-03-19 22:29:37.412284,0.0,
144,20260319,t1_auction,000601.SZ,韶能股份,69.7,3,电力,竞价爆量,0.0,7.4,9.96,0.3,,,,,,,2026-03-19 22:29:37.412285,0.0,
132,20260319,t_day,000601.SZ,韶能股份,65.2,1,电力,涨停质量优秀 + 龙虎榜资金认可,0.0,,,,,,,,,,2026-03-19 20:00:29.920324,6.0,板块龙头
133,20260319,t_day,002902.SZ,铭普光磁,64.0,2,通信设备,龙虎榜资金认可 + 主力资金大幅流入,0.0,,,,,,,,,,2026-03-19 20:00:29.920334,3.0,独立强势
134,20260319,t_day,600666.SH,奥瑞德,62.7,3,光学光电,涨停质量优秀 + 龙虎榜资金认可,0.0,,,,,,,,,,2026-03-19 20:00:29.920335,3.5,前排跟随
135,20260319,t_day,002310.SZ,东方新能,61.4,4,电力,涨停质量优秀,0.0,,,,,,,,,,2026-03-19 20:00:29.920336,6.0,前排跟随
136,20260319,t_day,000539.SZ,粤电力Ａ,59.8,5,电力,涨停质量优秀 + 龙虎榜资金认可,0.0,,,,,,,,,,2026-03-19 20:00:29.920337,6.0,前排跟随
137,20260319,t_day,001258.SZ,立新能源,59.4,6,电力,涨停质量优秀,0.0,,,,,,,,,,2026-03-19 20:00:29.920338,6.0,后排跟风
138,20260319,t_day,000617.SZ,中油资本,58.2,7,多元金融,龙虎榜资金认可 + 主力资金大幅流入,0.0,,,,,,,,,,2026-03-19 20:00:29.920338,3.0,独立强势
139,20260319,t_day,300332.SZ,天壕能源,57.6,8,燃气Ⅱ,龙虎榜资金认可 + 主力资金大幅流入,0.0,,,,,,,,,,2026-03-19 20:00:29.920339,4.0,板块龙头
140,20260319,t_day,600979.SH,广安爱众,56.6,9,电力,涨停质量优秀,0.0,,,,,,,,,,2026-03-19 20:00:29.920339,6.0,后排跟风
141,20260319,t_day,601218.SH,吉鑫科技,56.4,10,风电设备,涨停质量优秀 + 龙虎榜资金认可,0.0,,,,,,,,,,2026-03-19 20:00:29.920340,3.0,独立强势
119,20260318,t_day,000020.SZ,深华发Ａ,74.5,1,光学光电,"涨停质量优秀 + 封流比高,主力控盘强 + 【AI推荐】",1.0,,,,,,,,,,2026-03-18 23:28:30.936383,4.0972307692307695,弱势跟风
120,20260318,t_day,603387.SH,基蛋生物,70.78999999999999,2,医疗器械,涨停质量优秀 + 龙虎榜资金认可 + 【AI推荐】,1.0,,,,,,,,,,2026-03-18 23:28:30.936408,3.59,弱势跟风
116,20260318,t1_auction,000020.SZ,深华发Ａ,70.41,1,,竞价爆量 + 主动领涨,0.0,19.28,9.98,0.3,,,,,,,2026-03-18 09:58:40.546612,0.0,
117,20260318,t1_auction,600396.SH,华电辽能,67.45,2,,竞价爆量 + 主动领涨,0.0,5.17,10.0,0.3,,,,,,,2026-03-18 09:58:40.546626,0.0,
118,20260318,t1_auction,600307.SH,酒钢宏兴,66.42,3,,竞价涨幅适中 + 主动领涨,0.0,2.27,3.18,0.3,,,,,,,2026-03-18 09:58:40.546627,0.0,
121,20260318,t_day,003018.SZ,金富科技,64.19,3,包装印刷,涨停质量优秀 + 主力资金大幅流入 + 所属板块热度高,0.0,,,,,,,,,,2026-03-18 23:28:30.936409,4.194333333333333,弱势跟风
122,20260318,t_day,002565.SZ,顺灏股份,63.79,4,包装印刷,涨停质量优秀 + 龙虎榜资金认可 + 主力资金大幅流入 + 所属板块热度高,0.0,,,,,,,,,,2026-03-18 23:28:30.936410,4.194333333333333,弱势跟风
123,20260318,t_day,301128.SZ,强瑞技术,63.38,5,专用设备,龙虎榜资金认可 + 主力资金大幅流入 + 所属板块热度高,0.0,,,,,,,,,,2026-03-18 23:28:30.936411,5.579781659388646,跟风股
124,20260318,t_day,301191.SZ,菲菱科思,62.71,6,通信设备,龙虎榜资金认可 + 主力资金大幅流入 + 所属板块热度高,0.0,,,,,,,,,,2026-03-18 23:28:30.936411,5.505970149253732,跟风股
125,20260318,t_day,000601.SZ,韶能股份,62.64,7,电力,涨停质量优秀,0.0,,,,,,,,,,2026-03-18 23:28:30.936412,4.843,弱势跟风
126,20260318,t_day,001287.SZ,中电港,61.84,8,其他电子,涨停质量优秀 + 主力资金大幅流入,0.0,,,,,,,,,,2026-03-18 23:28:30.936413,3.836705882352941,弱势跟风
127,20260318,t_day,603687.SH,大胜达,61.59,9,包装印刷,主力资金大幅流入 + 所属板块热度高,0.0,,,,,,,,,,2026-03-18 23:28:30.936413,4.194333333333333,弱势跟风
128,20260318,t_day,001400.SZ,江顺科技,61.38,10,专用设备,所属板块热度高,0.0,,,,,,,,,,2026-03-18 23:28:30.936414,5.579781659388646,跟风股
103,20260317,t1_auction,002086.SZ,东方海洋,75.43,1,渔业,竞价涨幅适中 + 竞价爆量 + 主动领涨,0.0,2.61,4.4,0.3,,,,,,,2026-03-17 09:49:18.164669,0.0,
106,20260317,t_day,000020.SZ,深华发Ａ,71.7,1,,"涨停质量优秀 + 封流比高,主力控盘强 + 龙虎榜资金认可",0.0,,,,,,,,,,2026-03-18 09:45:37.241441,0.0,
104,20260317,t1_auction,002426.SZ,胜利精密,69.57,2,,综合竞价表现良好,0.0,4.52,1.12,0.3,,,,,,,2026-03-17 09:49:18.164678,0.0,
105,20260317,t1_auction,002995.SZ,天地在线,67.62,3,,竞价涨幅适中 + 主动领涨,0.0,25.75,3.96,0.3,,,,,,,2026-03-17 09:49:18.164679,0.0,
107,20260317,t_day,600396.SH,华电辽能,63.2,2,,涨停质量优秀 + 龙虎榜资金认可,0.0,,,,,,,,,,2026-03-18 09:45:37.241457,0.0,
108,20260317,t_day,002323.SZ,雅博股份,62.69,3,,涨停质量优秀 + 龙虎榜资金认可,0.0,,,,,,,,,,2026-03-18 09:45:37.241458,0.0,
109,20260317,t_day,002629.SZ,仁智股份,62.4,4,,涨停质量优秀 + 主力资金大幅流入,0.0,,,,,,,,,,2026-03-18 09:45:37.241459,0.0,
110,20260317,t_day,002285.SZ,世联行,62.22,5,房产服务,龙虎榜资金认可,0.0,,,,,,,,,,2026-03-18 09:45:37.241460,0.0,
111,20260317,t_day,002256.SZ,兆新股份,59.41,6,,涨停质量优秀 + 主力资金大幅流入,0.0,,,,,,,,,,2026-03-18 09:45:37.241461,0.0,
112,20260317,t_day,600307.SH,酒钢宏兴,58.4,7,,涨停质量优秀 + 龙虎榜资金认可,0.0,,,,,,,,,,2026-03-18 09:45:37.241461,0.0,
113,20260317,t_day,605167.SH,利柏特,58.2,8,,主力资金大幅流入,0.0,,,,,,,,,,2026-03-18 09:45:37.241462,0.0,
114,20260317,t_day,002150.SZ,正泰电源,58.0,9,,涨停质量优秀 + 主力资金大幅流入,0.0,,,,,,,,,,2026-03-18 09:45:37.241462,0.0,
115,20260317,t_day,002565.SZ,顺灏股份,57.36,10,,龙虎榜资金认可,0.0,,,,,,,,,,2026-03-18 09:45:37.241463,0.0,
93,20260316,t_day,002426.SZ,胜利精密,71.93,1,,涨停质量优秀 + 龙虎榜资金认可 + 主力资金大幅流入,0.0,,,,,,,,,,2026-03-16 20:59:05.222718,0.0,
94,20260316,t_day,002086.SZ,东方海洋,65.53,2,渔业,涨停质量优秀,0.0,,,,,,,,,,2026-03-16 20:59:05.222733,0.0,
95,20260316,t_day,001278.SZ,一彬科技,64.0,3,,"涨停质量优秀 + 封流比高,主力控盘强",0.0,,,,,,,,,,2026-03-16 20:59:05.222734,0.0,
96,20260316,t_day,002995.SZ,天地在线,63.8,4,,"封流比高,主力控盘强 + 主力资金大幅流入",0.0,,,,,,,,,,2026-03-16 20:59:05.222735,0.0,
97,20260316,t_day,600396.SH,华电辽能,63.2,5,,涨停质量优秀 + 龙虎榜资金认可,0.0,,,,,,,,,,2026-03-16 20:59:05.222736,0.0,
98,20260316,t_day,300606.SZ,金太阳,61.4,6,,龙虎榜资金认可 + 主力资金大幅流入,0.0,,,,,,,,,,2026-03-16 20:59:05.222736,0.0,
99,20260316,t_day,002990.SZ,盛视科技,60.8,7,,涨停质量优秀,0.0,,,,,,,,,,2026-03-16 20:59:05.222737,0.0,
100,20260316,t_day,300051.SZ,琏升科技,59.8,8,,龙虎榜资金认可 + 主力资金大幅流入,0.0,,,,,,,,,,2026-03-16 20:59:05.222737,0.0,
101,20260316,t_day,002724.SZ,海洋王,59.6,9,,涨停质量优秀,0.0,,,,,,,,,,2026-03-16 20:59:05.222738,0.0,
102,20260316,t_day,603929.SH,亚翔集成,58.6,10,,涨停质量优秀 + 龙虎榜资金认可,0.0,,,,,,,,,,2026-03-16 20:59:05.222738,0.0,
83,20260313,t_day,603280.SH,南方路机,76.0,1,,"封流比高,主力控盘强 + 龙虎榜资金认可 + 主力资金大幅流入 + 【AI推荐】",1.0,,,,,,,,,,2026-03-15 14:23:18.689771,0.0,
80,20260313,t1_auction,600121.SH,郑州煤电,71.07,1,煤炭开采,竞价爆量 + 主动领涨,0.0,5.65,9.92,0.3,,,,,,,2026-03-13 09:30:46.175000,0.0,
81,20260313,t1_auction,000537.SZ,绿发电力,66.11,2,电力,竞价爆量 + 主动领涨,0.0,13.76,9.99,0.3,,,,,,,2026-03-13 09:30:46.175010,0.0,
84,20260313,t_day,002487.SZ,大金重工,64.8,2,风电设备,龙虎榜资金认可 + 【AI推荐】,1.0,,,,,,,,,,2026-03-15 14:23:18.689790,0.0,
85,20260313,t_day,300185.SZ,通裕重工,62.8,3,风电设备,涨停质量优秀 + 龙虎榜资金认可 + 主力资金大幅流入,0.0,,,,,,,,,,2026-03-15 14:23:18.689791,0.0,
86,20260313,t_day,601669.SH,中国电建,61.4,4,基础建设,【AI推荐】,1.0,,,,,,,,,,2026-03-15 14:23:18.689792,0.0,
82,20260313,t1_auction,605305.SH,中际联合,60.46,3,工程机械,综合竞价表现良好,0.0,43.2,1.46,0.3,,,,,,,2026-03-13 09:30:46.175011,0.0,
87,20260313,t_day,003027.SZ,同兴科技,59.8,5,,涨停质量优秀 + 主力资金大幅流入,0.0,,,,,,,,,,2026-03-15 14:23:18.689792,0.0,
88,20260313,t_day,603029.SH,天鹅股份,58.2,6,,涨停质量优秀,0.0,,,,,,,,,,2026-03-15 14:23:18.689793,0.0,
89,20260313,t_day,002438.SZ,江苏神通,55.4,7,,主力资金大幅流入,0.0,,,,,,,,,,2026-03-15 14:23:18.689794,0.0,
90,20260313,t_day,600408.SH,安泰集团,55.0,8,,涨停质量优秀 + 龙虎榜资金认可 + 主力资金大幅流入,0.0,,,,,,,,,,2026-03-15 14:23:18.689794,0.0,
92,20260313,t_day,600847.SH,万里股份,53.8,10,,综合评分较高,0.0,,,,,,,,,,2026-03-15 14:23:18.689795,0.0,
91,20260313,t_day,600226.SH,亨通股份,53.8,9,,龙虎榜资金认可 + 主力资金大幅流入,0.0,,,,,,,,,,2026-03-15 14:23:18.689795,0.0,
70,20260312,t_day,600121.SH,郑州煤电,70.6,1,煤炭开采,龙虎榜资金认可 + 主力资金大幅流入 + 【AI推荐】,1.0,,,,,,,,,,2026-03-13 09:30:40.954108,0.0,
67,20260312,t1_auction,601016.SH,节能风电,67.62,1,电力,竞价涨幅适中 + 主动领涨,0.0,,4.96,0.3,,,,,,,2026-03-12 09:58:28.254165,0.0,
68,20260312,t1_auction,002432.SZ,九安医疗,65.3,2,医疗器械,竞价涨幅适中 + 主动领涨,0.0,,2.85,0.3,,,,,,,2026-03-12 09:58:28.254176,0.0,
69,20260312,t1_auction,002455.SZ,百川股份,64.77,3,化学制品,竞价爆量 + 主动领涨,0.0,,9.98,0.3,,,,,,,2026-03-12 09:58:28.254177,0.0,
71,20260312,t_day,000537.SZ,绿发电力,63.4,2,电力,涨停质量优秀 + 主力资金大幅流入 + 【AI推荐】,1.0,,,,,,,,,,2026-03-13 09:30:40.954118,0.0,
72,20260312,t_day,600703.SH,三安光电,62.6,3,光学光电,主力资金大幅流入 + 【AI推荐】,1.0,,,,,,,,,,2026-03-13 09:30:40.954119,0.0,
73,20260312,t_day,002869.SZ,金溢科技,60.6,4,计算机设,主力资金大幅流入,0.0,,,,,,,,,,2026-03-13 09:30:40.954120,0.0,
74,20260312,t_day,603978.SH,深圳新星,56.2,5,金属新材,涨停质量优秀,0.0,,,,,,,,,,2026-03-13 09:30:40.954121,0.0,
75,20260312,t_day,605305.SH,中际联合,55.8,6,工程机械,主力资金大幅流入,0.0,,,,,,,,,,2026-03-13 09:30:40.954122,0.0,
76,20260312,t_day,601015.SH,陕西黑猫,53.4,7,焦炭Ⅱ,主力资金大幅流入,0.0,,,,,,,,,,2026-03-13 09:30:40.954122,0.0,
77,20260312,t_day,600868.SH,梅雁吉祥,53.0,8,电力,涨停质量优秀,0.0,,,,,,,,,,2026-03-13 09:30:40.954123,0.0,
78,20260312,t_day,601038.SH,一拖股份,52.8,9,专用设备,主力资金大幅流入,0.0,,,,,,,,,,2026-03-13 09:30:40.954124,0.0,
79,20260312,t_day,002652.SZ,扬子新材,52.2,10,装修建材,主力资金大幅流入,0.0,,,,,,,,,,2026-03-13 09:30:40.954125,0.0,
34,20260311,t1_auction,601789.SH,宁波建工,73.05,1,房屋建设,竞价涨幅适中 + 竞价爆量 + 主动领涨,0.0,,3.61,0.3,,,,,,,2026-03-11 09:29:37.702805,0.0,
35,20260311,t1_auction,001332.SZ,锡装股份,63.87,2,专用设备,竞价涨幅适中 + 主动领涨,0.0,,2.01,0.3,,,,,,,2026-03-11 09:29:37.702815,0.0,
36,20260311,t1_auction,002445.SZ,中南文化,62.48,3,通用设备,竞价爆量 + 主动领涨,0.0,,10.09,0.3,,,,,,,2026-03-11 09:29:37.702816,0.0,
37,20260311,t_day,300246.SZ,宝莱特,57.2,1,医疗器械,涨停质量优秀 + 主力资金大幅流入,0.0,,,,,,,,,,2026-03-11 20:00:31.567915,0.0,
38,20260311,t_day,000545.SZ,金浦钛业,57.0,2,化学原料,"涨停质量优秀 + 封流比高,主力控盘强",0.0,,,,,,,,,,2026-03-11 20:00:31.567932,0.0,
39,20260311,t_day,601016.SH,节能风电,56.2,3,电力,涨停质量优秀 + 龙虎榜资金认可 + 主力资金大幅流入,0.0,,,,,,,,,,2026-03-11 20:00:31.567933,0.0,
40,20260311,t_day,002445.SZ,中南文化,54.8,4,通用设备,"涨停质量优秀 + 封流比高,主力控盘强",0.0,,,,,,,,,,2026-03-11 20:00:31.567934,0.0,
41,20260311,t_day,002432.SZ,九安医疗,54.4,5,医疗器械,龙虎榜资金认可 + 主力资金大幅流入,0.0,,,,,,,,,,2026-03-11 20:00:31.567934,0.0,
42,20260311,t_day,002177.SZ,御银股份,54.2,6,计算机设,涨停质量优秀 + 龙虎榜资金认可 + 主力资金大幅流入,0.0,,,,,,,,,,2026-03-11 20:00:31.567935,0.0,
43,20260311,t_day,600769.SH,祥龙电业,54.0,7,环境治理,涨停质量优秀 + 龙虎榜资金认可 + 主力资金大幅流入,0.0,,,,,,,,,,2026-03-11 20:00:31.567936,0.0,
44,20260311,t_day,601700.SH,风范股份,53.4,8,电网设备,龙虎榜资金认可,0.0,,,,,,,,,,2026-03-11 20:00:31.567936,0.0,
45,20260311,t_day,000537.SZ,绿发电力,53.2,9,电力,涨停质量优秀,0.0,,,,,,,,,,2026-03-11 20:00:31.567937,0.0,
46,20260311,t_day,002455.SZ,百川股份,52.6,10,化学制品,涨停质量优秀,0.0,,,,,,,,,,2026-03-11 20:00:31.567938,0.0,
24,20260310,t_day,002445.SZ,中南文化,60.4,1,通用设备,"涨停质量优秀 + 封流比高,主力控盘强 + 龙虎榜资金认可",0.0,,,,,,,,,,2026-03-11 07:35:39.421905,0.0,
25,20260310,t_day,002729.SZ,好利科技,59.4,2,其他电子,主力资金大幅流入,0.0,,,,,,,,,,2026-03-11 07:35:39.421920,0.0,
26,20260310,t_day,001332.SZ,锡装股份,58.6,3,专用设备,涨停质量优秀 + 主力资金大幅流入,0.0,,,,,,,,,,2026-03-11 07:35:39.421921,0.0,
27,20260310,t_day,000949.SZ,新乡化纤,55.6,4,化学纤维,涨停质量优秀 + 主力资金大幅流入,0.0,,,,,,,,,,2026-03-11 07:35:39.421921,0.0,
28,20260310,t_day,601789.SH,宁波建工,54.8,5,房屋建设,"涨停质量优秀 + 封流比高,主力控盘强",0.0,,,,,,,,,,2026-03-11 07:35:39.421922,0.0,
31,20260310,t_day,603269.SH,海鸥股份,54.6,8,通用设备,涨停质量优秀 + 主力资金大幅流入,0.0,,,,,,,,,,2026-03-11 07:35:39.421924,0.0,
30,20260310,t_day,600376.SH,首开股份,54.6,7,房地产开发,涨停质量优秀 + 主力资金大幅流入,0.0,,,,,,,,,,2026-03-11 07:35:39.421924,0.0,
29,20260310,t_day,002281.SZ,光迅科技,54.6,6,通信设备,龙虎榜资金认可 + 主力资金大幅流入,0.0,,,,,,,,,,2026-03-11 07:35:39.421923,0.0,
33,20260310,t_day,600135.SH,乐凯胶片,54.4,10,塑料,涨停质量优秀 + 主力资金大幅流入,0.0,,,,,,,,,,2026-03-11 07:35:39.421925,0.0,
32,20260310,t_day,002335.SZ,科华数据,54.4,9,其他电源,龙虎榜资金认可 + 主力资金大幅流入,0.0,,,,,,,,,,2026-03-11 07:35:39.421925,0.0,
57,20260309,t_day,600851.SH,海欣股份,69.8,1,化学制药,涨停质量优秀 + 龙虎榜资金认可 + 主力资金大幅流入 + 【AI推荐】,1.0,,,,,,,,,,2026-03-12 01:00:14.155775,0.0,
11,20260309,t1_auction,601789.SH,宁波建工,69.32,1,,竞价爆量 + 主动领涨,0.0,,10.02,0.3,,,,,,,2026-03-10 11:23:18.795230,0.0,
12,20260309,t1_auction,002903.SZ,宇环数控,68.01,2,,竞价涨幅适中 + 竞价爆量 + 主动领涨,0.0,,4.18,0.3,,,,,,,2026-03-10 11:23:18.795241,0.0,
58,20260309,t_day,600268.SH,国电南自,67.4,2,电网设备,涨停质量优秀 + 龙虎榜资金认可 + 主力资金大幅流入 + 【AI推荐】,1.0,,,,,,,,,,2026-03-12 01:00:14.155793,0.0,
59,20260309,t_day,002445.SZ,中南文化,67.0,3,通用设备,"涨停质量优秀 + 封流比高,主力控盘强 + 【AI推荐】",1.0,,,,,,,,,,2026-03-12 01:00:14.155794,0.0,
13,20260309,t1_auction,601789.SH,宁波建工,65.0,1,,竞价爆量 + 主动领涨,0.0,,10.02,0.3,,,,,,,2026-03-10 11:35:36.302797,0.0,
14,20260309,t_day,600851.SH,海欣股份,59.8,1,化学制药,涨停质量优秀 + 龙虎榜资金认可 + 主力资金大幅流入,0.0,,,,,,,,,,2026-03-10 11:48:52.274152,0.0,
1,20260309,t_day,600851.SH,海欣股份,59.8,1,化学制药,涨停质量优秀 + 龙虎榜资金认可 + 主力资金大幅流入,0.0,,,,,,,,,,2026-03-10 01:48:31.541814,0.0,
15,20260309,t_day,600268.SH,国电南自,57.4,2,电网设备,涨停质量优秀 + 龙虎榜资金认可 + 主力资金大幅流入,0.0,,,,,,,,,,2026-03-10 11:48:52.274163,0.0,
2,20260309,t_day,600268.SH,国电南自,57.4,2,电网设备,涨停质量优秀 + 龙虎榜资金认可 + 主力资金大幅流入,0.0,,,,,,,,,,2026-03-10 01:48:31.541824,0.0,
60,20260309,t_day,002903.SZ,宇环数控,57.0,4,通用设备,"涨停质量优秀 + 封流比高,主力控盘强 + 主力资金大幅流入",0.0,,,,,,,,,,2026-03-12 01:00:14.155795,0.0,
17,20260309,t_day,002903.SZ,宇环数控,57.0,4,通用设备,"涨停质量优秀 + 封流比高,主力控盘强 + 主力资金大幅流入",0.0,,,,,,,,,,2026-03-10 11:48:52.274164,0.0,
16,20260309,t_day,002445.SZ,中南文化,57.0,3,通用设备,"涨停质量优秀 + 封流比高,主力控盘强",0.0,,,,,,,,,,2026-03-10 11:48:52.274164,0.0,
4,20260309,t_day,002903.SZ,宇环数控,57.0,4,通用设备,"涨停质量优秀 + 封流比高,主力控盘强 + 主力资金大幅流入",0.0,,,,,,,,,,2026-03-10 01:48:31.541826,0.0,
3,20260309,t_day,002445.SZ,中南文化,57.0,3,通用设备,"涨停质量优秀 + 封流比高,主力控盘强",0.0,,,,,,,,,,2026-03-10 01:48:31.541826,0.0,
61,20260309,t_day,601789.SH,宁波建工,56.0,5,房屋建设,涨停质量优秀 + 龙虎榜资金认可,0.0,,,,,,,,,,2026-03-12 01:00:14.155796,0.0,
18,20260309,t_day,601789.SH,宁波建工,56.0,5,房屋建设,涨停质量优秀 + 龙虎榜资金认可,0.0,,,,,,,,,,2026-03-10 11:48:52.274165,0.0,
5,20260309,t_day,601789.SH,宁波建工,56.0,5,房屋建设,涨停质量优秀 + 龙虎榜资金认可,0.0,,,,,,,,,,2026-03-10 01:48:31.541827,0.0,
62,20260309,t_day,002068.SZ,黑猫股份,55.4,6,橡胶,主力资金大幅流入,0.0,,,,,,,,,,2026-03-12 01:00:14.155797,0.0,
19,20260309,t_day,002068.SZ,黑猫股份,55.4,6,橡胶,主力资金大幅流入,0.0,,,,,,,,,,2026-03-10 11:48:52.274166,0.0,
6,20260309,t_day,002068.SZ,黑猫股份,55.4,6,橡胶,主力资金大幅流入,0.0,,,,,,,,,,2026-03-10 01:48:31.541827,0.0,
63,20260309,t_day,003035.SZ,南网能源,54.2,7,电力,龙虎榜资金认可 + 主力资金大幅流入,0.0,,,,,,,,,,2026-03-12 01:00:14.155797,0.0,
20,20260309,t_day,003035.SZ,南网能源,54.2,7,电力,龙虎榜资金认可 + 主力资金大幅流入,0.0,,,,,,,,,,2026-03-10 11:48:52.274166,0.0,
7,20260309,t_day,003035.SZ,南网能源,54.2,7,电力,龙虎榜资金认可 + 主力资金大幅流入,0.0,,,,,,,,,,2026-03-10 01:48:31.541828,0.0,
64,20260309,t_day,000066.SZ,中国长城,53.8,8,计算机设,龙虎榜资金认可,0.0,,,,,,,,,,2026-03-12 01:00:14.155798,0.0,
21,20260309,t_day,000066.SZ,中国长城,53.8,8,计算机设,龙虎榜资金认可,0.0,,,,,,,,,,2026-03-10 11:48:52.274167,0.0,
8,20260309,t_day,000066.SZ,中国长城,53.8,8,计算机设,龙虎榜资金认可,0.0,,,,,,,,,,2026-03-10 01:48:31.541828,0.0,
65,20260309,t_day,002730.SZ,电光科技,53.0,9,专用设备,涨停质量优秀 + 主力资金大幅流入,0.0,,,,,,,,,,2026-03-12 01:00:14.155799,0.0,
22,20260309,t_day,002730.SZ,电光科技,53.0,9,专用设备,涨停质量优秀 + 主力资金大幅流入,0.0,,,,,,,,,,2026-03-10 11:48:52.274167,0.0,
9,20260309,t_day,002730.SZ,电光科技,53.0,9,专用设备,涨停质量优秀 + 主力资金大幅流入,0.0,,,,,,,,,,2026-03-10 01:48:31.541829,0.0,
66,20260309,t_day,002575.SZ,群兴玩具,52.6,10,文娱用品,主力资金大幅流入,0.0,,,,,,,,,,2026-03-12 01:00:14.155799,0.0,
23,20260309,t_day,002575.SZ,群兴玩具,52.6,10,文娱用品,主力资金大幅流入,0.0,,,,,,,,,,2026-03-10 11:48:52.274168,0.0,
10,20260309,t_day,002575.SZ,群兴玩具,52.6,10,文娱用品,主力资金大幅流入,0.0,,,,,,,,,,2026-03-10 01:48:31.541829,0.0,
