id,ts_code,trade_date,auction_price,auction_vol,auction_amount,auction_pct_chg,auction_turnover,auction_volume_ratio,auction_burst_ratio,sector_auction_pct,sector_resonance,auction_score,final_score,is_weak_to_strong,created_at,auction_turnover_score,auction_turnover_raw,auction_amount_score,auction_amount_raw,auction_pct_chg_score,auction_pct_chg_raw,auction_volume_ratio_score,auction_volume_ratio_raw,auction_burst_ratio_score,auction_burst_ratio_raw,sector_auction_pct_score,sector_auction_pct_raw,sector_resonance_score,sector_resonance_raw,t_day_score_score,t_day_score_raw,is_selected,is_filtered,filter_reason,market_risk,t_day_score
304,300067.SZ,20260424,7.35,38999531.0,28664.655285,1.1,4.16,198.8,1.2049,0.0,1.1,78.76,72.75,0,,8.0,4.16,10.0,28664.655285,8.0,1.1,10.0,198.8,10.0,1.2049,4.0,0.0,8.0,1.1,6.372999999999999,63.73,0.0,0.0,,5.0,63.73
302,601778.SH,20260424,7.54,28666800.0,21614.7672,4.87,0.8,3.45,0.0346,0.0,4.87,73.0,71.54,0,,4.0,0.8,10.0,21614.7672,10.0,4.87,10.0,3.45,4.0,0.0346,4.0,0.0,10.0,4.87,6.934,69.34,0.0,0.0,,5.0,69.34
306,603390.SH,20260424,13.69,3486200.0,4772.6078,3.17,0.99,86.79,0.3985,0.0,3.17,76.72,69.82,0,,4.0,0.99,8.0,4772.6078,10.0,3.17,10.0,86.79,10.0,0.3985,4.0,0.0,10.0,3.17,5.9479999999999995,59.48,0.0,0.0,,5.0,59.48
310,600726.SH,20260424,5.53,12455100.0,6887.6703,4.93,0.17,4.75,0.0356,0.0,4.93,71.17,65.56,0,,4.0,0.17,10.0,6887.6703,10.0,4.93,10.0,4.75,4.0,0.0356,4.0,0.0,10.0,4.93,5.714,57.14,0.0,0.0,,5.0,57.14
305,300061.SZ,20260424,9.97,1749100.0,1743.8527,1.73,0.28,12.68,0.0507,0.0,1.73,64.7,63.1,0,,4.0,0.28,6.0,1743.8527,8.0,1.73,10.0,12.68,6.0,0.0507,4.0,0.0,8.0,1.73,6.07,60.7,0.0,0.0,,5.0,60.7
309,600052.SH,20260424,4.9,5284500.0,2589.405,6.99,0.63,15.13,0.0526,0.0,6.99,65.6,62.3,0,,4.0,0.63,8.0,2589.405,6.0,6.99,10.0,15.13,6.0,0.0526,4.0,0.0,10.0,6.99,5.734,57.34,0.0,0.0,,5.0,57.34
308,000537.SZ,20260424,11.65,3033600.0,3534.144,0.0,0.1476,4.07,0.0214,0.0,0.0,0.0,0.0,0,,0.0,0.1476,0.0,3534.144,0.0,0.0,0.0,4.07,0.0,0.0214,0.0,0.0,0.0,0.0,0.0,0.0,0.0,1.0,竞价涨幅<1%,5.0,57.54
307,001215.SZ,20260424,43.41,133000.0,577.353,0.02,0.1374,3.83,0.0161,0.0,0.0,0.0,0.0,0,,0.0,0.1374,0.0,577.353,0.0,0.02,0.0,3.83,0.0,0.0161,0.0,0.0,0.0,0.0,0.0,0.0,0.0,1.0,竞价涨幅<1%,5.0,58.33
303,001234.SZ,20260424,32.22,1093900.0,3524.5458,-0.92,1.1957,22.34,0.1102,0.0,0.0,0.0,0.0,0,,0.0,1.1957,0.0,3524.5458,0.0,-0.92,0.0,22.34,0.0,0.1102,0.0,0.0,0.0,0.0,0.0,0.0,0.0,1.0,竞价涨幅<1%,5.0,64.48
301,601016.SH,20260424,4.53,16813400.0,7616.4702,1.12,0.2785,3.73,0.0195,0.0,0.0,0.0,0.0,0,,0.0,0.2785,0.0,7616.4702,0.0,1.12,0.0,3.73,0.0,0.0195,0.0,0.0,0.0,0.0,0.0,0.0,0.0,1.0,评分未通过,5.0,75.94
271,300067.SZ,20260423,7.27,12419342.0,9028.861634,19.97,1.32,93.78,0.6906,0.0,19.97,74.38,74.44,0,,6.0,1.32,10.0,9028.861634,4.0,19.97,10.0,93.78,10.0,0.6906,4.0,0.0,10.0,19.97,7.453,74.53,0.0,0.0,,5.0,74.53
274,002194.SZ,20260423,12.3,6086200.0,7486.026,3.71,1.19,50.01,0.4034,0.0,3.71,81.62,74.1,0,,6.0,1.19,10.0,7486.026,10.0,3.71,10.0,50.01,10.0,0.4034,4.0,0.0,10.0,3.71,6.281000000000001,62.81,0.0,0.0,,5.0,62.81
272,600736.SH,20260423,8.37,12989630.0,10872.3203,9.99,1.13,28.85,0.1079,0.0,9.99,71.45,71.26,0,,6.0,1.13,10.0,10872.3203,4.0,9.99,10.0,28.85,8.0,0.1079,4.0,0.0,10.0,9.99,7.0969999999999995,70.97,0.0,0.0,,5.0,70.97
279,603115.SH,20260423,55.22,478500.0,2642.277,3.1,0.2,5.44,0.1413,0.0,3.1,74.19,67.95,0,,4.0,0.2,8.0,2642.277,10.0,3.1,10.0,5.44,8.0,0.1413,4.0,0.0,10.0,3.1,5.86,58.6,0.0,0.0,,5.0,58.6
278,603903.SH,20260423,13.3,727600.0,967.708,3.1,0.28,14.62,0.0571,0.0,3.1,69.9,65.68,0,,4.0,0.28,6.0,967.708,10.0,3.1,10.0,14.62,6.0,0.0571,4.0,0.0,10.0,3.1,5.936,59.36,0.0,0.0,,5.0,59.36
276,000751.SZ,20260423,6.4,7517600.0,4811.264,1.11,0.53,6.38,0.0541,0.0,1.11,66.54,63.75,0,,4.0,0.53,8.0,4811.264,8.0,1.11,10.0,6.38,6.0,0.0541,4.0,0.0,8.0,1.11,5.957,59.57,0.0,0.0,,5.0,59.57
280,002397.SZ,20260423,4.52,947200.0,428.1344,-1.53,0.1462,3.87,0.02,0.0,0.0,0.0,0.0,0,,0.0,0.1462,0.0,428.1344,0.0,-1.53,0.0,3.87,0.0,0.02,0.0,0.0,0.0,0.0,0.0,0.0,0.0,1.0,竞价涨幅<1%,5.0,58.25
277,002256.SZ,20260423,4.51,6743600.0,3041.3636,0.0,0.3455,5.06,0.0263,0.0,0.0,0.0,0.0,0,,0.0,0.3455,0.0,3041.3636,0.0,0.0,0.0,5.06,0.0,0.0263,0.0,0.0,0.0,0.0,0.0,0.0,0.0,1.0,竞价涨幅<1%,5.0,59.48
275,002360.SZ,20260423,6.92,2033500.0,1407.182,0.0,0.6209,8.45,0.0573,0.0,0.0,0.0,0.0,0,,0.0,0.6209,0.0,1407.182,0.0,0.0,0.0,8.45,0.0,0.0573,0.0,0.0,0.0,0.0,0.0,0.0,0.0,1.0,竞价涨幅<1%,5.0,60.73
273,001234.SZ,20260423,29.82,596300.0,1778.1666,0.88,0.6518,16.15,0.0878,0.0,0.0,0.0,0.0,0,,0.0,0.6518,0.0,1778.1666,0.0,0.88,0.0,16.15,0.0,0.0878,0.0,0.0,0.0,0.0,0.0,0.0,0.0,1.0,竞价涨幅<1%,5.0,64.45
285,301022.SZ,20260422,34.88,529800.0,1847.9424,4.43,0.79,18.21,0.1821,0.0,4.43,77.18,71.32,0,,4.0,0.79,6.0,1847.9424,10.0,4.43,10.0,18.21,10.0,0.1821,4.0,0.0,10.0,4.43,6.254,62.54,0.0,0.0,,0.0,62.54
281,300067.SZ,20260422,6.06,6147956.0,3725.661336,20.0,0.66,72.31,0.7231,0.0,20.0,71.38,71.05,0,,4.0,0.66,8.0,3725.661336,4.0,20.0,10.0,72.31,10.0,0.7231,4.0,0.0,10.0,20.0,7.056,70.56,0.0,0.0,,0.0,70.56
287,000802.SZ,20260422,4.53,2011000.0,910.983,1.57,0.28,12.67,0.0611,0.0,1.57,66.85,64.77,0,,4.0,0.28,6.0,910.983,8.0,1.57,10.0,12.67,6.0,0.0611,4.0,0.0,8.0,1.57,6.165,61.65,0.0,0.0,,0.0,61.65
290,600103.SH,20260422,5.5,15922300.0,8757.265,5.77,0.72,4.1,0.0395,0.0,5.77,67.55,64.39,0,,4.0,0.72,10.0,8757.265,6.0,5.77,10.0,4.1,4.0,0.0395,4.0,0.0,10.0,5.77,5.965999999999999,59.66,0.0,0.0,,0.0,59.66
286,603788.SH,20260422,17.67,574600.0,1015.3182,1.32,0.26,14.02,0.0389,0.0,1.32,64.55,63.67,0,,4.0,0.26,6.0,1015.3182,8.0,1.32,10.0,14.02,4.0,0.0389,4.0,0.0,8.0,1.32,6.234,62.34,0.0,0.0,,0.0,62.34
289,600699.SH,20260422,27.98,3052600.0,8541.1748,-2.54,0.2253,6.09,0.0294,0.0,0.0,0.0,0.0,0,,0.0,0.2253,0.0,8541.1748,0.0,-2.54,0.0,6.09,0.0,0.0294,0.0,0.0,0.0,0.0,0.0,0.0,0.0,1.0,竞价涨幅<1%,0.0,60.34
288,300533.SZ,20260422,30.0,494280.0,1482.84,-1.9,0.2996,4.19,0.0192,0.0,0.0,0.0,0.0,0,,0.0,0.2996,0.0,1482.84,0.0,-1.9,0.0,4.19,0.0,0.0192,0.0,0.0,0.0,0.0,0.0,0.0,0.0,1.0,竞价涨幅<1%,0.0,60.9
284,600979.SH,20260422,5.31,7383800.0,3920.7978,-0.19,0.5992,9.61,0.039,0.0,0.0,0.0,0.0,0,,0.0,0.5992,0.0,3920.7978,0.0,-0.19,0.0,9.61,0.0,0.039,0.0,0.0,0.0,0.0,0.0,0.0,0.0,1.0,竞价涨幅<1%,0.0,65.41
283,000690.SZ,20260422,5.25,7798500.0,4094.2125,-0.38,0.3586,8.15,0.0323,0.0,0.0,0.0,0.0,0,,0.0,0.3586,0.0,4094.2125,0.0,-0.38,0.0,8.15,0.0,0.0323,0.0,0.0,0.0,0.0,0.0,0.0,0.0,1.0,竞价涨幅<1%,0.0,65.61
282,002982.SZ,20260422,15.55,526400.0,818.552,0.06,0.4046,8.92,0.0357,0.0,0.0,0.0,0.0,0,,0.0,0.4046,0.0,818.552,0.0,0.06,0.0,8.92,0.0,0.0357,0.0,0.0,0.0,0.0,0.0,0.0,0.0,1.0,竞价涨幅<1%,0.0,67.07
252,600433.SH,20260421,4.15,2871700.0,1191.7555,2.72,0.16,5.14,0.0316,0.0,2.72,68.53,67.61,0,,4.0,0.16,6.0,1191.7555,10.0,2.72,10.0,5.14,4.0,0.0316,4.0,0.0,10.0,2.72,6.622,66.22,0.0,0.0,,5.0,66.22
253,002300.SZ,20260421,10.63,2354200.0,2502.5146,2.02,0.33,4.95,0.0334,0.0,2.02,70.12,67.47,0,,4.0,0.33,8.0,2502.5146,10.0,2.02,10.0,4.95,4.0,0.0334,4.0,0.0,10.0,2.02,6.35,63.5,0.0,0.0,,5.0,63.5
255,002081.SZ,20260421,4.41,21274700.0,9382.1427,8.09,0.8,33.33,0.11,0.0,8.09,67.47,64.67,0,,4.0,0.8,10.0,9382.1427,4.0,8.09,10.0,33.33,8.0,0.11,4.0,0.0,10.0,8.09,6.047,60.47,0.0,0.0,,5.0,60.47
254,300540.SZ,20260421,28.49,1316800.0,3751.5632,6.94,0.64,11.61,0.0512,0.0,6.94,66.14,64.04,0,,4.0,0.64,8.0,3751.5632,6.0,6.94,10.0,11.61,6.0,0.0512,4.0,0.0,10.0,6.94,6.09,60.9,0.0,0.0,,5.0,60.9
260,301265.SZ,20260421,29.55,426500.0,1260.3075,4.79,0.2532,2.41,0.017,0.0,0.0,0.0,0.0,0,,0.0,0.2532,0.0,1260.3075,0.0,4.79,0.0,2.41,0.0,0.017,0.0,0.0,0.0,0.0,0.0,0.0,0.0,1.0,评分未通过,5.0,58.77
259,001229.SZ,20260421,40.06,170200.0,681.8212,-0.02,0.3231,8.35,0.0542,0.0,0.0,0.0,0.0,0,,0.0,0.3231,0.0,681.8212,0.0,-0.02,0.0,8.35,0.0,0.0542,0.0,0.0,0.0,0.0,0.0,0.0,0.0,1.0,竞价涨幅<1%,5.0,59.2
258,600103.SH,20260421,4.71,9846500.0,4637.7015,-0.42,0.4451,2.56,0.0184,0.0,0.0,0.0,0.0,0,,0.0,0.4451,0.0,4637.7015,0.0,-0.42,0.0,2.56,0.0,0.0184,0.0,0.0,0.0,0.0,0.0,0.0,0.0,1.0,竞价涨幅<1%,5.0,59.62
257,002491.SZ,20260421,16.67,5816000.0,9695.272,0.18,0.4944,2.82,0.081,0.0,0.0,0.0,0.0,0,,0.0,0.4944,0.0,9695.272,0.0,0.18,0.0,2.82,0.0,0.081,0.0,0.0,0.0,0.0,0.0,0.0,0.0,1.0,竞价涨幅<1%,5.0,59.97
256,002242.SZ,20260421,11.16,1795500.0,2003.778,-0.8,0.2357,12.94,0.0531,0.0,0.0,0.0,0.0,0,,0.0,0.2357,0.0,2003.778,0.0,-0.8,0.0,12.94,0.0,0.0531,0.0,0.0,0.0,0.0,0.0,0.0,0.0,1.0,竞价涨幅<1%,5.0,60.1
251,600149.SH,20260421,6.4,1715300.0,1097.792,0.95,0.4512,7.48,0.0596,0.0,0.0,0.0,0.0,0,,0.0,0.4512,0.0,1097.792,0.0,0.95,0.0,7.48,0.0,0.0596,0.0,0.0,0.0,0.0,0.0,0.0,0.0,1.0,竞价涨幅<1%,5.0,67.04
241,002281.SZ,20260420,122.0,1665200.0,20315.44,4.43,0.21,2.74,0.0267,0.0,4.43,71.62,72.35,0,,4.0,0.21,10.0,20315.44,10.0,4.43,8.0,2.74,4.0,0.0267,4.0,0.0,10.0,4.43,7.345000000000001,73.45,0.0,0.0,,5.0,73.45
242,603083.SH,20260420,159.67,1630600.0,26035.7902,9.9,0.59,3.94,0.0692,0.0,9.9,66.66,68.42,0,,4.0,0.59,10.0,26035.7902,4.0,9.9,10.0,3.94,6.0,0.0692,4.0,0.0,10.0,9.9,7.1049999999999995,71.05,0.0,0.0,,5.0,71.05
247,603278.SH,20260420,12.29,1844500.0,2266.8905,2.33,0.54,18.03,0.0674,0.0,2.33,72.21,67.87,0,,4.0,0.54,8.0,2266.8905,10.0,2.33,10.0,18.03,6.0,0.0674,4.0,0.0,10.0,2.33,6.137,61.37,0.0,0.0,,5.0,61.37
249,603178.SH,20260420,18.23,798300.0,1455.3009,4.65,0.34,23.29,0.0861,0.0,4.65,70.08,66.26,0,,4.0,0.34,6.0,1455.3009,10.0,4.65,10.0,23.29,6.0,0.0861,4.0,0.0,10.0,4.65,6.0520000000000005,60.52,0.0,0.0,,5.0,60.52
244,603052.SH,20260420,87.35,253300.0,2212.5755,4.8,0.13,2.7,0.0225,0.0,4.8,68.05,66.03,0,,4.0,0.13,8.0,2212.5755,10.0,4.8,8.0,2.7,4.0,0.0225,4.0,0.0,10.0,4.8,6.301,63.01,0.0,0.0,,5.0,63.01
245,600961.SH,20260420,24.3,657600.0,1597.968,10.0,0.09,3.99,0.141,0.0,10.0,63.78,63.29,0,,4.0,0.09,6.0,1597.968,4.0,10.0,10.0,3.99,8.0,0.141,4.0,0.0,10.0,10.0,6.255,62.55,0.0,0.0,,5.0,62.55
250,600962.SH,20260420,21.2,148600.0,315.032,2.37,0.0567,4.38,0.0187,0.0,0.0,0.0,0.0,0,,0.0,0.0567,0.0,315.032,0.0,2.37,0.0,4.38,0.0,0.0187,0.0,0.0,0.0,0.0,0.0,0.0,0.0,1.0,评分未通过,5.0,60.4
248,600552.SH,20260420,15.01,2153400.0,3232.2534,-0.07,0.228,3.54,0.0215,0.0,0.0,0.0,0.0,0,,0.0,0.228,0.0,3232.2534,0.0,-0.07,0.0,3.54,0.0,0.0215,0.0,0.0,0.0,0.0,0.0,0.0,0.0,1.0,竞价涨幅<1%,5.0,60.73
246,603922.SH,20260420,21.62,160600.0,347.2172,0.51,0.0896,3.35,0.019,0.0,0.0,0.0,0.0,0,,0.0,0.0896,0.0,347.2172,0.0,0.51,0.0,3.35,0.0,0.019,0.0,0.0,0.0,0.0,0.0,0.0,0.0,1.0,竞价涨幅<1%,5.0,62.32
243,002802.SZ,20260420,16.37,1769290.0,2896.32773,0.06,1.182,17.99,0.0932,0.0,0.0,0.0,0.0,0,,0.0,1.182,0.0,2896.32773,0.0,0.06,0.0,17.99,0.0,0.0932,0.0,0.0,0.0,0.0,0.0,0.0,0.0,1.0,竞价涨幅<1%,5.0,65.0
231,603906.SH,20260417,25.8,3523100.0,9089.598,2.99,0.62,7.98,0.1495,0.0,2.99,80.1,76.58,0,,4.0,0.62,10.0,9089.598,10.0,2.99,10.0,7.98,8.0,0.1495,4.0,0.0,10.0,2.99,7.131,71.31,0.0,0.0,,0.0,71.31
232,002802.SZ,20260417,15.05,792100.0,1192.1105,1.21,0.53,11.32,0.0669,0.0,1.21,68.24,69.32,0,,4.0,0.53,6.0,1192.1105,8.0,1.21,10.0,11.32,6.0,0.0669,4.0,0.0,8.0,1.21,7.095000000000001,70.95,0.0,0.0,,0.0,70.95
233,001230.SZ,20260417,28.02,122200.0,342.4044,1.08,0.16,4.56,0.0233,0.0,1.08,63.39,65.21,0,,4.0,0.16,4.0,342.4044,8.0,1.08,10.0,4.56,4.0,0.0233,4.0,0.0,8.0,1.08,6.793000000000001,67.93,0.0,0.0,,0.0,67.93
235,600719.SH,20260417,7.47,801600.0,598.7952,1.91,0.2,4.59,0.0253,0.0,1.91,64.92,64.88,0,,4.0,0.2,6.0,598.7952,8.0,1.91,10.0,4.59,4.0,0.0253,4.0,0.0,8.0,1.91,6.483,64.83,0.0,0.0,,0.0,64.83
240,603032.SH,20260417,22.04,297000.0,654.588,-0.5,0.1282,1.75,0.0094,0.0,0.0,0.0,0.0,0,,0.0,0.1282,0.0,654.588,0.0,-0.5,0.0,1.75,0.0,0.0094,0.0,0.0,0.0,0.0,0.0,0.0,0.0,1.0,竞价涨幅<1%,0.0,61.91
239,603933.SH,20260417,25.0,732000.0,1830.0,0.2,0.3527,4.29,0.0335,0.0,0.0,0.0,0.0,0,,0.0,0.3527,0.0,1830.0,0.0,0.2,0.0,4.29,0.0,0.0335,0.0,0.0,0.0,0.0,0.0,0.0,0.0,1.0,竞价涨幅<1%,0.0,62.35
238,002613.SZ,20260417,4.13,1932400.0,798.0812,-0.96,0.2502,4.57,0.0234,0.0,0.0,0.0,0.0,0,,0.0,0.2502,0.0,798.0812,0.0,-0.96,0.0,4.57,0.0,0.0234,0.0,0.0,0.0,0.0,0.0,0.0,0.0,1.0,竞价涨幅<1%,0.0,62.74
237,002209.SZ,20260417,16.48,270100.0,445.1248,-0.12,0.1728,4.98,0.0243,0.0,0.0,0.0,0.0,0,,0.0,0.1728,0.0,445.1248,0.0,-0.12,0.0,4.98,0.0,0.0243,0.0,0.0,0.0,0.0,0.0,0.0,0.0,1.0,竞价涨幅<1%,0.0,63.44
236,002757.SZ,20260417,22.79,790000.0,1800.41,0.0,0.2801,5.97,0.0271,0.0,0.0,0.0,0.0,0,,0.0,0.2801,0.0,1800.41,0.0,0.0,0.0,5.97,0.0,0.0271,0.0,0.0,0.0,0.0,0.0,0.0,0.0,1.0,竞价涨幅<1%,0.0,63.84
234,600768.SH,20260417,17.58,522700.0,918.9066,0.34,0.3908,6.19,0.0477,0.0,0.0,0.0,0.0,0,,0.0,0.3908,0.0,918.9066,0.0,0.34,0.0,6.19,0.0,0.0477,0.0,0.0,0.0,0.0,0.0,0.0,0.0,1.0,竞价涨幅<1%,0.0,65.82
201,002297.SZ,20260416,16.08,23888450.0,38412.6276,9.99,4.17,166.52,2.4341,0.0,9.99,76.31,74.35,0,,8.0,4.17,10.0,38412.6276,4.0,9.99,10.0,166.52,10.0,2.4341,4.0,0.0,10.0,9.99,7.140000000000001,71.4,1.0,0.0,,5.0,71.4
202,600664.SH,20260416,4.7,35163400.0,16526.798,5.86,1.4,13.8,0.0769,0.0,5.86,71.6,70.16,0,,6.0,1.4,10.0,16526.798,6.0,5.86,10.0,13.8,6.0,0.0769,4.0,0.0,10.0,5.86,6.8,68.0,1.0,0.0,,5.0,68.0
208,603815.SH,20260416,6.51,3707100.0,2413.3221,2.36,0.6,29.88,0.1705,0.0,2.36,76.8,70.08,0,,4.0,0.6,8.0,2413.3221,10.0,2.36,10.0,29.88,10.0,0.1705,4.0,0.0,10.0,2.36,6.0,60.0,1.0,0.0,,5.0,60.0
207,600267.SH,20260416,11.93,4908700.0,5856.0791,4.74,0.41,23.91,0.0995,0.0,4.74,74.03,68.5,0,,4.0,0.41,10.0,5856.0791,10.0,4.74,10.0,23.91,6.0,0.0995,4.0,0.0,10.0,4.74,6.0200000000000005,60.2,0.0,0.0,,5.0,60.2
209,001208.SZ,20260416,21.83,1277000.0,2787.691,2.01,0.49,5.64,0.0287,0.0,2.01,69.33,64.88,0,,4.0,0.49,8.0,2787.691,10.0,2.01,10.0,5.64,4.0,0.0287,4.0,0.0,10.0,2.01,5.82,58.2,0.0,0.0,,5.0,58.2
203,000788.SZ,20260416,6.9,3893400.0,2686.446,1.92,0.65,4.02,0.0337,0.0,1.92,64.59,63.79,0,,4.0,0.65,8.0,2686.446,8.0,1.92,10.0,4.02,4.0,0.0337,4.0,0.0,8.0,1.92,6.26,62.6,0.0,0.0,,5.0,62.6
210,002038.SZ,20260416,8.2,5079897.0,4165.515539999999,1.61,0.6,4.19,0.0357,0.0,1.61,63.93,61.64,0,,4.0,0.6,8.0,4165.515539999999,8.0,1.61,10.0,4.19,4.0,0.0357,4.0,0.0,8.0,1.61,5.82,58.2,0.0,0.0,,5.0,58.2
206,002498.SZ,20260416,8.5,10004180.0,8503.553,0.0,0.3007,9.48,0.0577,0.0,0.0,0.0,0.0,0,,0.0,0.3007,0.0,8503.553,0.0,0.0,0.0,9.48,0.0,0.0577,0.0,0.0,0.0,0.0,0.0,0.0,0.0,1.0,竞价涨幅<1%,5.0,61.4
205,605388.SH,20260416,7.33,1581200.0,1159.0196,0.0,0.2633,10.83,0.04,0.0,0.0,0.0,0.0,0,,0.0,0.2633,0.0,1159.0196,0.0,0.0,0.0,10.83,0.0,0.04,0.0,0.0,0.0,0.0,0.0,0.0,0.0,1.0,竞价涨幅<1%,5.0,61.6
204,002798.SZ,20260416,6.7,747000.0,500.49,0.45,0.1558,9.18,0.0369,0.0,0.0,0.0,0.0,0,,0.0,0.1558,0.0,500.49,0.0,0.45,0.0,9.18,0.0,0.0369,0.0,0.0,0.0,0.0,0.0,0.0,0.0,1.0,竞价涨幅<1%,5.0,62.1
191,002364.SZ,20260413,38.63,6021420.0,23260.74546,9.99,1.08,25.45,1.7767,0.0,9.99,74.59,75.11,0,,6.0,1.08,10.0,23260.74546,4.0,9.99,10.0,25.45,10.0,1.7767,4.0,0.0,10.0,9.99,7.590000000000001,75.9,1.0,0.0,,5.0,75.9
196,002328.SZ,20260413,11.12,12223000.0,13591.976,9.99,2.14,13.78,0.1698,0.0,9.99,72.35,67.81,0,,6.0,2.14,10.0,13591.976,4.0,9.99,10.0,13.78,10.0,0.1698,4.0,0.0,10.0,9.99,6.1,61.0,1.0,0.0,,5.0,61.0
200,603272.SH,20260413,36.15,215800.0,780.117,-2.35,0.2082,3.52,0.0474,0.0,0.0,0.0,0.0,0,,0.0,0.2082,0.0,780.117,0.0,-2.35,0.0,3.52,0.0,0.0474,0.0,0.0,0.0,0.0,0.0,0.0,0.0,1.0,竞价涨幅<1%,5.0,59.97
199,603933.SH,20260413,24.15,1000300.0,2415.7245,-1.55,0.482,6.22,0.0622,0.0,0.0,0.0,0.0,0,,0.0,0.482,0.0,2415.7245,0.0,-1.55,0.0,6.22,0.0,0.0622,0.0,0.0,0.0,0.0,0.0,0.0,0.0,1.0,竞价涨幅<1%,5.0,60.15
198,001269.SZ,20260413,22.7,316700.0,718.909,-2.07,0.1646,11.2,0.0703,0.0,0.0,0.0,0.0,0,,0.0,0.1646,0.0,718.909,0.0,-2.07,0.0,11.2,0.0,0.0703,0.0,0.0,0.0,0.0,0.0,0.0,0.0,1.0,竞价涨幅<1%,5.0,60.38
197,603101.SH,20260413,8.63,271900.0,234.6497,-2.27,0.0578,3.91,0.0128,0.0,0.0,0.0,0.0,0,,0.0,0.0578,0.0,234.6497,0.0,-2.27,0.0,3.91,0.0,0.0128,0.0,0.0,0.0,0.0,0.0,0.0,0.0,1.0,竞价涨幅<1%,5.0,60.65
195,002733.SZ,20260413,30.0,535700.0,1607.1,-0.83,0.1452,1.81,0.0126,0.0,0.0,0.0,0.0,0,,0.0,0.1452,0.0,1607.1,0.0,-0.83,0.0,1.81,0.0,0.0126,0.0,0.0,0.0,0.0,0.0,0.0,0.0,1.0,竞价涨幅<1%,5.0,61.2
194,605069.SH,20260413,12.35,74000.0,91.39,-0.08,0.035,1.82,0.0107,0.0,0.0,0.0,0.0,0,,0.0,0.035,0.0,91.39,0.0,-0.08,0.0,1.82,0.0,0.0107,0.0,0.0,0.0,0.0,0.0,0.0,0.0,1.0,竞价涨幅<1%,5.0,61.87
193,001299.SZ,20260413,15.35,531030.0,815.13105,0.2,0.2431,7.73,0.0376,0.0,0.0,0.0,0.0,0,,0.0,0.2431,0.0,815.13105,0.0,0.2,0.0,7.73,0.0,0.0376,0.0,0.0,0.0,0.0,0.0,0.0,0.0,1.0,竞价涨幅<1%,5.0,62.0
192,002363.SZ,20260413,8.57,482400.0,413.4168,-1.15,0.116,4.72,0.0166,0.0,0.0,0.0,0.0,0,,0.0,0.116,0.0,413.4168,0.0,-1.15,0.0,4.72,0.0,0.0166,0.0,0.0,0.0,0.0,0.0,0.0,0.0,1.0,竞价涨幅<1%,5.0,62.8
182,002962.SZ,20260410,16.29,3159000.0,5146.011,5.99,1.51,50.27,0.1952,0.0,5.99,75.06,68.68,0,,6.0,1.51,10.0,5146.011,6.0,5.99,10.0,50.27,10.0,0.1952,4.0,0.0,10.0,5.99,5.91,59.1,1.0,0.0,,5.0,59.1
184,603950.SH,20260410,49.37,2888800.0,14262.0056,10.0,0.89,170.78,3.8656,0.0,10.0,69.61,65.25,0,,4.0,0.89,10.0,14262.0056,4.0,10.0,10.0,170.78,10.0,3.8656,4.0,0.0,10.0,10.0,5.87,58.7,1.0,0.0,,5.0,58.7
190,601133.SH,20260410,25.19,1032200.0,2600.1118,2.07,0.2,2.56,0.0266,0.0,2.07,67.02,62.65,0,,4.0,0.2,8.0,2600.1118,10.0,2.07,8.0,2.56,4.0,0.0266,4.0,0.0,10.0,2.07,5.61,56.1,0.0,0.0,,5.0,56.1
183,002364.SZ,20260410,35.12,912800.0,3205.7536,9.99,0.16,3.34,0.1226,0.0,9.99,65.22,62.65,0,,4.0,0.16,8.0,3205.7536,4.0,9.99,10.0,3.34,8.0,0.1226,4.0,0.0,10.0,9.99,5.88,58.8,1.0,0.0,,5.0,58.8
189,603306.SH,20260410,98.0,249000.0,2440.2,0.97,0.0756,1.84,0.0113,0.0,0.0,0.0,0.0,0,,0.0,0.0756,0.0,2440.2,0.0,0.97,0.0,1.84,0.0,0.0113,0.0,0.0,0.0,0.0,0.0,0.0,0.0,1.0,竞价涨幅<1%,5.0,56.3
188,002843.SZ,20260410,24.86,658200.0,1636.2852,-0.56,0.2624,3.24,0.0266,0.0,0.0,0.0,0.0,0,,0.0,0.2624,0.0,1636.2852,0.0,-0.56,0.0,3.24,0.0,0.0266,0.0,0.0,0.0,0.0,0.0,0.0,0.0,1.0,竞价涨幅<1%,5.0,56.4
187,300489.SZ,20260410,61.39,781200.0,4795.7868,-0.08,0.5634,7.27,0.0365,0.0,0.0,0.0,0.0,0,,0.0,0.5634,0.0,4795.7868,0.0,-0.08,0.0,7.27,0.0,0.0365,0.0,0.0,0.0,0.0,0.0,0.0,0.0,1.0,竞价涨幅<1%,5.0,56.5
186,002975.SZ,20260410,86.64,465400.0,4032.2256,-0.3,0.4396,7.63,0.0405,0.0,0.0,0.0,0.0,0,,0.0,0.4396,0.0,4032.2256,0.0,-0.3,0.0,7.63,0.0,0.0405,0.0,0.0,0.0,0.0,0.0,0.0,0.0,1.0,竞价涨幅<1%,5.0,57.0
185,002150.SZ,20260410,32.99,494100.0,1630.0359,0.64,0.1378,2.0,0.0123,0.0,0.0,0.0,0.0,0,,0.0,0.1378,0.0,1630.0359,0.0,0.64,0.0,2.0,0.0,0.0123,0.0,0.0,0.0,0.0,0.0,0.0,0.0,1.0,竞价涨幅<1%,5.0,58.0
181,000070.SZ,20260410,20.88,5134600.0,10721.0448,0.0,0.5778,3.2,0.0276,0.0,0.0,0.0,0.0,0,,0.0,0.5778,0.0,10721.0448,0.0,0.0,0.0,3.2,0.0,0.0276,0.0,0.0,0.0,0.0,0.0,0.0,0.0,1.0,竞价涨幅<1%,5.0,66.4
171,002491.SZ,20260409,15.59,10545400.0,16440.2786,2.57,0.9,6.07,0.1423,0.0,2.57,78.35,76.21,0,,4.0,0.9,10.0,16440.2786,10.0,2.57,10.0,6.07,8.0,0.1423,4.0,0.0,10.0,2.57,7.3,73.0,1.0,0.0,,5.0,73.0
174,001389.SZ,20260409,128.13,243010.0,3113.6871300000003,2.0,0.16,3.0,0.0273,0.0,2.0,65.55,64.25,0,,4.0,0.16,8.0,3113.6871300000003,10.0,2.0,8.0,3.0,4.0,0.0273,4.0,0.0,8.0,2.0,6.2299999999999995,62.3,1.0,0.0,,5.0,62.3
179,002131.SZ,20260409,8.03,17633200.0,14159.4596,1.01,0.3,4.86,0.0366,0.0,1.01,66.19,63.67,0,,4.0,0.3,10.0,14159.4596,8.0,1.01,10.0,4.86,4.0,0.0366,4.0,0.0,8.0,1.01,5.99,59.9,1.0,0.0,,5.0,59.9
176,603950.SH,20260409,44.88,187200.0,840.1536,10.0,0.06,7.1,0.071,0.0,10.0,61.09,60.89,0,,4.0,0.06,6.0,840.1536,4.0,10.0,10.0,7.1,6.0,0.071,4.0,0.0,10.0,10.0,6.0600000000000005,60.6,0.0,0.0,,5.0,60.6
180,600986.SH,20260409,10.15,4252600.0,4316.389,0.5,0.2859,6.73,0.0443,0.0,0.0,0.0,0.0,0,,0.0,0.2859,0.0,4316.389,0.0,0.5,0.0,6.73,0.0,0.0443,0.0,0.0,0.0,0.0,0.0,0.0,0.0,1.0,竞价涨幅<1%,5.0,59.6
178,603598.SH,20260409,21.0,446800.0,938.28,-1.18,0.1659,3.59,0.0202,0.0,0.0,0.0,0.0,0,,0.0,0.1659,0.0,938.28,0.0,-1.18,0.0,3.59,0.0,0.0202,0.0,0.0,0.0,0.0,0.0,0.0,0.0,1.0,竞价涨幅<1%,5.0,60.0
177,600105.SH,20260409,33.95,2195200.0,7452.704,2.17,0.1502,1.22,0.0143,0.0,0.0,0.0,0.0,0,,0.0,0.1502,0.0,7452.704,0.0,2.17,0.0,1.22,0.0,0.0143,0.0,0.0,0.0,0.0,0.0,0.0,0.0,1.0,评分未通过,5.0,60.0
175,002921.SZ,20260409,26.0,57800.0,150.28,-0.31,0.045,1.17,0.0083,0.0,0.0,0.0,0.0,0,,0.0,0.045,0.0,150.28,0.0,-0.31,0.0,1.17,0.0,0.0083,0.0,0.0,0.0,0.0,0.0,0.0,0.0,1.0,竞价涨幅<1%,5.0,62.2
173,920171.BJ,20260409,21.09,252763.0,533.077167,0.0,0.3737,8.12,0.031,0.0,0.0,0.0,0.0,0,,0.0,0.3737,0.0,533.077167,0.0,0.0,0.0,8.12,0.0,0.031,0.0,0.0,0.0,0.0,0.0,0.0,0.0,1.0,竞价涨幅<1%,5.0,63.4
172,300058.SZ,20260409,16.4,16978649.0,27844.984360000002,0.55,0.4879,5.12,0.0291,0.0,0.0,0.0,0.0,0,,0.0,0.4879,0.0,27844.984360000002,0.0,0.55,0.0,5.12,0.0,0.0291,0.0,0.0,0.0,0.0,0.0,0.0,0.0,1.0,竞价涨幅<1%,5.0,66.2
161,000586.SZ,20260408,22.84,236801.0,540.853484,10.02,0.12,3.34,0.1308,0.0,10.02,65.41,68.6,0,,4.0,0.12,6.0,540.853484,4.0,10.02,10.0,3.34,8.0,0.1308,4.0,0.0,10.0,10.02,7.337999999999999,73.38,1.0,0.0,,5.0,73.38
169,300821.SZ,20260408,14.1,5694100.0,8028.681,5.3,0.47,21.81,0.1017,0.0,5.3,70.99,68.18,0,,4.0,0.47,10.0,8028.681,6.0,5.3,10.0,21.81,8.0,0.1017,4.0,0.0,10.0,5.3,6.396,63.96,1.0,0.0,,5.0,63.96
167,603260.SH,20260408,44.0,490600.0,2158.64,2.28,0.04,6.85,0.0394,0.0,2.28,70.22,67.8,0,,4.0,0.04,8.0,2158.64,10.0,2.28,10.0,6.85,4.0,0.0394,4.0,0.0,10.0,2.28,6.4159999999999995,64.16,1.0,0.0,,5.0,64.16
170,002274.SZ,20260408,6.29,897500.0,564.5275,-3.23,0.0957,2.97,0.0198,0.0,0.0,0.0,0.0,0,,0.0,0.0957,0.0,564.5275,0.0,-3.23,0.0,2.97,0.0,0.0198,0.0,0.0,0.0,0.0,0.0,0.0,0.0,1.0,竞价涨幅<1%,5.0,63.55
168,603968.SH,20260408,14.2,260100.0,369.342,0.07,0.1272,2.97,0.0202,0.0,0.0,0.0,0.0,0,,0.0,0.1272,0.0,369.342,0.0,0.07,0.0,2.97,0.0,0.0202,0.0,0.0,0.0,0.0,0.0,0.0,0.0,1.0,竞价涨幅<1%,5.0,64.16
166,002637.SZ,20260408,12.28,196600.0,241.4248,0.0,0.0444,1.48,0.0099,0.0,0.0,0.0,0.0,0,,0.0,0.0444,0.0,241.4248,0.0,0.0,0.0,1.48,0.0,0.0099,0.0,0.0,0.0,0.0,0.0,0.0,0.0,1.0,竞价涨幅<1%,5.0,64.96
165,002109.SZ,20260408,4.21,5582500.0,2350.2325,-5.61,0.4374,7.45,0.0849,0.0,0.0,0.0,0.0,0,,0.0,0.4374,0.0,2350.2325,0.0,-5.61,0.0,7.45,0.0,0.0849,0.0,0.0,0.0,0.0,0.0,0.0,0.0,1.0,竞价涨幅<1%,5.0,65.15
164,603188.SH,20260408,5.08,592500.0,300.99,-0.97,0.1039,4.25,0.0253,0.0,0.0,0.0,0.0,0,,0.0,0.1039,0.0,300.99,0.0,-0.97,0.0,4.25,0.0,0.0253,0.0,0.0,0.0,0.0,0.0,0.0,0.0,1.0,竞价涨幅<1%,5.0,66.56
163,600955.SH,20260408,17.83,506400.0,902.9112,-1.49,0.0921,3.76,0.0524,0.0,0.0,0.0,0.0,0,,0.0,0.0921,0.0,902.9112,0.0,-1.49,0.0,3.76,0.0,0.0524,0.0,0.0,0.0,0.0,0.0,0.0,0.0,1.0,竞价涨幅<1%,5.0,67.95
162,300927.SZ,20260408,28.69,339900.0,975.1731,-5.9,0.2413,4.57,0.0246,0.0,0.0,0.0,0.0,0,,0.0,0.2413,0.0,975.1731,0.0,-5.9,0.0,4.57,0.0,0.0246,0.0,0.0,0.0,0.0,0.0,0.0,0.0,1.0,竞价涨幅<1%,5.0,72.15
150,002980.SZ,20260407,47.72,426900.0,2037.1668,3.54,0.42,2.66,0.0354,0.0,3.54,69.46,70.63,0,,4.0,0.42,8.0,2037.1668,10.0,3.54,8.0,2.66,4.0,0.0354,4.0,0.0,10.0,3.54,7.239,72.39,1.0,0.0,,5.0,72.39
151,002952.SZ,20260407,25.71,287400.0,738.9054,2.1,0.22,4.4,0.0263,0.0,2.1,69.45,70.61,0,,4.0,0.22,6.0,738.9054,10.0,2.1,10.0,4.4,4.0,0.0263,4.0,0.0,10.0,2.1,7.234999999999999,72.35,1.0,0.0,,5.0,72.35
152,000586.SZ,20260407,20.76,502601.0,1043.399676,10.02,0.26,5.65,0.1203,0.0,10.02,64.84,66.74,0,,4.0,0.26,6.0,1043.399676,4.0,10.02,10.0,5.65,8.0,0.1203,4.0,0.0,10.0,10.02,6.9590000000000005,69.59,1.0,0.0,,5.0,69.59
154,003031.SZ,20260407,90.34,496900.0,4488.9946,2.0,0.15,3.87,0.0263,0.0,2.0,67.47,65.2,0,,4.0,0.15,8.0,4488.9946,10.0,2.0,10.0,3.87,4.0,0.0263,4.0,0.0,8.0,2.0,6.179,61.79,0.0,0.0,,5.0,61.79
156,605303.SH,20260407,19.0,641700.0,1219.23,6.92,0.4,13.88,0.0682,0.0,6.92,63.8,61.75,0,,4.0,0.4,6.0,1219.23,6.0,6.92,10.0,13.88,6.0,0.0682,4.0,0.0,10.0,6.92,5.867,58.67,0.0,0.0,,5.0,58.67
158,603189.SH,20260407,18.23,649400.0,1183.8562,1.11,0.24,4.59,0.0403,0.0,1.11,61.78,59.95,0,,4.0,0.24,6.0,1183.8562,8.0,1.11,10.0,4.59,4.0,0.0403,4.0,0.0,8.0,1.11,5.720000000000001,57.2,0.0,0.0,,5.0,57.2
160,000002.SZ,20260407,3.8,640000.0,243.2,-0.52,0.0066,0.61,0.0062,0.0,0.0,0.0,0.0,0,,0.0,0.0066,0.0,243.2,0.0,-0.52,0.0,0.61,0.0,0.0062,0.0,0.0,0.0,0.0,0.0,0.0,0.0,1.0,竞价涨幅<1%,5.0,92.5
159,600302.SH,20260407,12.12,491100.0,595.2132,-1.22,0.1419,4.01,0.0263,0.0,0.0,0.0,0.0,0,,0.0,0.1419,0.0,595.2132,0.0,-1.22,0.0,4.01,0.0,0.0263,0.0,0.0,0.0,0.0,0.0,0.0,0.0,1.0,竞价涨幅<1%,5.0,57.03
157,003007.SZ,20260407,43.62,257600.0,1123.6512,-1.0,0.3583,9.75,0.0423,0.0,0.0,0.0,0.0,0,,0.0,0.3583,0.0,1123.6512,0.0,-1.0,0.0,9.75,0.0,0.0423,0.0,0.0,0.0,0.0,0.0,0.0,0.0,1.0,竞价涨幅<1%,5.0,58.4
155,002796.SZ,20260407,50.1,233400.0,1169.334,-0.97,0.1025,1.43,0.0093,0.0,0.0,0.0,0.0,0,,0.0,0.1025,0.0,1169.334,0.0,-0.97,0.0,1.43,0.0,0.0093,0.0,0.0,0.0,0.0,0.0,0.0,0.0,1.0,竞价涨幅<1%,5.0,61.59
153,300608.SZ,20260407,12.61,1436933.0,1811.972513,-2.25,0.4997,9.78,0.0354,0.0,0.0,0.0,0.0,0,,0.0,0.4997,0.0,1811.972513,0.0,-2.25,0.0,9.78,0.0,0.0354,0.0,0.0,0.0,0.0,0.0,0.0,0.0,1.0,竞价涨幅<1%,5.0,62.6
149,000001.SZ,20260407,11.12,385000.0,428.12,0.0,0.002,0.42,0.0051,0.0,0.0,0.0,0.0,0,,0.0,0.002,0.0,428.12,0.0,0.0,0.0,0.42,0.0,0.0051,0.0,0.0,0.0,0.0,0.0,0.0,0.0,1.0,竞价涨幅<1%,5.0,95.5
138,300839.SZ,20260403,17.01,1620400.0,2756.3004,1.92,0.56,11.24,0.0715,0.0,1.92,67.68,67.49,0,,4.0,0.56,8.0,2756.3004,8.0,1.92,10.0,11.24,6.0,0.0715,4.0,0.0,8.0,1.92,6.720000000000001,67.2,1.0,0.0,,5.0,67.2
140,605162.SH,20260403,14.48,3289200.0,4762.7616,3.06,0.82,8.38,0.071,0.0,3.06,71.46,65.44,0,,4.0,0.82,8.0,4762.7616,10.0,3.06,10.0,8.38,6.0,0.071,4.0,0.0,10.0,3.06,5.64,56.4,1.0,0.0,,5.0,56.4
143,002828.SZ,20260403,15.17,5576400.0,8459.3988,10.01,2.88,22.04,0.1988,0.0,10.01,71.5,65.02,0,,6.0,2.88,10.0,8459.3988,4.0,10.01,10.0,22.04,10.0,0.1988,4.0,0.0,10.0,10.01,5.529999999999999,55.3,1.0,0.0,,5.0,55.3
145,000586.SZ,20260403,18.87,2019090.0,3810.02283,10.03,1.06,21.81,0.1496,0.0,10.03,66.73,61.2,0,,6.0,1.06,8.0,3810.02283,4.0,10.03,10.0,21.81,8.0,0.1496,4.0,0.0,10.0,10.03,5.29,52.9,0.0,0.0,,5.0,52.9
147,600594.SH,20260403,4.81,7376700.0,3548.1927,0.21,0.9315,12.34,0.046,0.0,0.0,0.0,0.0,0,,0.0,0.9315,0.0,3548.1927,0.0,0.21,0.0,12.34,0.0,0.046,0.0,0.0,0.0,0.0,0.0,0.0,0.0,1.0,竞价涨幅<1%,5.0,52.6
146,002051.SZ,20260403,9.88,4667700.0,4611.6876,-0.3,0.3772,8.91,0.0516,0.0,0.0,0.0,0.0,0,,0.0,0.3772,0.0,4611.6876,0.0,-0.3,0.0,8.91,0.0,0.0516,0.0,0.0,0.0,0.0,0.0,0.0,0.0,1.0,竞价涨幅<1%,5.0,52.8
144,603222.SH,20260403,10.24,3260700.0,3338.9568,0.89,0.621,16.11,0.0678,0.0,0.0,0.0,0.0,0,,0.0,0.621,0.0,3338.9568,0.0,0.89,0.0,16.11,0.0,0.0678,0.0,0.0,0.0,0.0,0.0,0.0,0.0,1.0,竞价涨幅<1%,5.0,53.2
142,603798.SH,20260403,15.0,195970.0,293.955,-3.97,0.0764,3.9,0.0168,0.0,0.0,0.0,0.0,0,,0.0,0.0764,0.0,293.955,0.0,-3.97,0.0,3.9,0.0,0.0168,0.0,0.0,0.0,0.0,0.0,0.0,0.0,1.0,竞价涨幅<1%,5.0,55.4
141,603477.SH,20260403,17.03,740500.0,1261.0715,0.0,0.1452,4.46,0.0214,0.0,0.0,0.0,0.0,0,,0.0,0.1452,0.0,1261.0715,0.0,0.0,0.0,4.46,0.0,0.0214,0.0,0.0,0.0,0.0,0.0,0.0,0.0,1.0,竞价涨幅<1%,5.0,55.6
139,603122.SH,20260403,18.69,2109200.0,3942.0948,0.0,0.5299,3.91,0.0295,0.0,0.0,0.0,0.0,0,,0.0,0.5299,0.0,3942.0948,0.0,0.0,0.0,3.91,0.0,0.0295,0.0,0.0,0.0,0.0,0.0,0.0,0.0,1.0,竞价涨幅<1%,5.0,59.2
131,002639.SZ,20260402,19.2,3613100.0,6937.152,2.02,0.56,6.71,0.0298,0.0,2.02,72.62,70.28,0,,4.0,0.56,10.0,6937.152,10.0,2.02,10.0,6.71,4.0,0.0298,4.0,0.0,10.0,2.02,6.678,66.78,1.0,0.0,,5.0,66.78
134,300436.SZ,20260402,121.79,518000.0,6308.722,2.32,0.38,5.42,0.0322,0.0,2.32,72.26,69.11,0,,4.0,0.38,10.0,6308.722,10.0,2.32,10.0,5.42,4.0,0.0322,4.0,0.0,10.0,2.32,6.438,64.38,1.0,0.0,,5.0,64.38
137,002923.SZ,20260402,18.8,2916110.0,5482.2868,9.05,1.13,33.11,0.3391,0.0,9.05,72.59,68.59,0,,6.0,1.13,10.0,5482.2868,4.0,9.05,10.0,33.11,10.0,0.3391,4.0,0.0,10.0,9.05,6.258,62.58,1.0,0.0,,5.0,62.58
133,000788.SZ,20260402,7.15,7817700.0,5589.6555,8.99,1.31,32.32,0.118,0.0,8.99,70.49,68.13,0,,6.0,1.31,10.0,5589.6555,4.0,8.99,10.0,32.32,8.0,0.118,4.0,0.0,10.0,8.99,6.458,64.58,0.0,0.0,,5.0,64.58
135,002940.SZ,20260402,35.8,850000.0,3043.0,2.64,0.46,5.97,0.0392,0.0,2.64,70.23,67.81,0,,4.0,0.46,8.0,3043.0,10.0,2.64,10.0,5.97,4.0,0.0392,4.0,0.0,10.0,2.64,6.418000000000001,64.18,0.0,0.0,,5.0,64.18
136,603158.SH,20260402,12.28,562400.0,690.6272,0.0,0.1146,2.1,0.0162,0.0,0.0,0.0,0.0,0,,0.0,0.1146,0.0,690.6272,0.0,0.0,0.0,2.1,0.0,0.0162,0.0,0.0,0.0,0.0,0.0,0.0,0.0,1.0,竞价涨幅<1%,5.0,62.78
132,300149.SZ,20260402,12.5,2857900.0,3572.375,0.64,0.6022,10.66,0.0405,0.0,0.0,0.0,0.0,0,,0.0,0.6022,0.0,3572.375,0.0,0.64,0.0,10.66,0.0,0.0405,0.0,0.0,0.0,0.0,0.0,0.0,0.0,1.0,竞价涨幅<1%,5.0,65.0
130,600105.SH,20260402,30.3,3228800.0,9783.264,-0.69,0.2208,2.25,0.0137,0.0,0.0,0.0,0.0,0,,0.0,0.2208,0.0,9783.264,0.0,-0.69,0.0,2.25,0.0,0.0137,0.0,0.0,0.0,0.0,0.0,0.0,0.0,1.0,竞价涨幅<1%,5.0,67.91
129,002821.SZ,20260402,124.04,381300.0,4729.6452,1.8,0.1203,4.0,0.0199,0.0,0.0,0.0,0.0,0,,0.0,0.1203,0.0,4729.6452,0.0,1.8,0.0,4.0,0.0,0.0199,0.0,0.0,0.0,0.0,0.0,0.0,0.0,1.0,评分未通过,5.0,75.2
128,002902.SZ,20260402,28.8,2509300.0,7226.784,0.07,1.4126,5.03,0.1567,0.0,0.0,0.0,0.0,0,,0.0,1.4126,0.0,7226.784,0.0,0.07,0.0,5.03,0.0,0.1567,0.0,0.0,0.0,0.0,0.0,0.0,0.0,1.0,竞价涨幅<1%,5.0,80.31
118,000008.SZ,20260401,3.6,15435300.0,5556.708,10.09,0.57,19.35,0.0954,0.0,10.09,68.18,73.39,0,,4.0,0.57,10.0,5556.708,4.0,10.09,10.0,19.35,6.0,0.0954,4.0,0.0,10.0,10.09,8.120000000000001,81.2,1.0,0.0,,5.0,81.2
126,000631.SZ,20260401,4.54,25398800.0,11531.0552,6.32,1.1,58.54,0.2206,0.0,6.32,75.18,69.06,0,,6.0,1.1,10.0,11531.0552,6.0,6.32,10.0,58.54,10.0,0.2206,4.0,0.0,10.0,6.32,5.988,59.88,1.0,0.0,,5.0,59.88
123,300834.SZ,20260401,36.23,2066400.0,7486.5672,19.97,1.07,50.9,0.1813,0.0,19.97,72.28,67.57,0,,6.0,1.07,10.0,7486.5672,4.0,19.97,10.0,50.9,10.0,0.1813,4.0,0.0,10.0,19.97,6.051,60.51,1.0,0.0,,5.0,60.51
119,600495.SH,20260401,5.19,9590800.0,4977.6252,5.27,0.79,37.23,0.1335,0.0,5.27,69.09,67.29,0,,4.0,0.79,8.0,4977.6252,6.0,5.27,10.0,37.23,8.0,0.1335,4.0,0.0,10.0,5.27,6.459999999999999,64.6,0.0,0.0,,5.0,64.6
124,000070.SZ,20260401,18.0,4776800.0,8598.24,1.12,0.54,4.68,0.0303,0.0,1.12,66.22,63.79,0,,4.0,0.54,10.0,8598.24,8.0,1.12,10.0,4.68,4.0,0.0303,4.0,0.0,8.0,1.12,6.015,60.15,0.0,0.0,,5.0,60.15
127,002560.SZ,20260401,11.37,2995400.0,3405.7698,5.38,0.66,11.37,0.0529,0.0,5.38,65.86,63.15,0,,4.0,0.66,8.0,3405.7698,6.0,5.38,10.0,11.37,6.0,0.0529,4.0,0.0,10.0,5.38,5.909000000000001,59.09,0.0,0.0,,5.0,59.09
120,605162.SH,20260401,11.8,1111100.0,1311.098,1.64,0.28,3.69,0.0341,0.0,1.64,62.57,62.53,0,,4.0,0.28,6.0,1311.098,8.0,1.64,10.0,3.69,4.0,0.0341,4.0,0.0,8.0,1.64,6.247999999999999,62.48,0.0,0.0,,5.0,62.48
125,603660.SH,20260401,9.88,488500.0,482.638,1.44,0.0855,2.99,0.0136,0.0,0.0,0.0,0.0,0,,0.0,0.0855,0.0,482.638,0.0,1.44,0.0,2.99,0.0,0.0136,0.0,0.0,0.0,0.0,0.0,0.0,0.0,1.0,评分未通过,5.0,60.0
122,301048.SZ,20260401,13.0,1970400.0,2561.52,-0.69,0.3695,13.05,0.0401,0.0,0.0,0.0,0.0,0,,0.0,0.3695,0.0,2561.52,0.0,-0.69,0.0,13.05,0.0,0.0401,0.0,0.0,0.0,0.0,0.0,0.0,0.0,1.0,竞价涨幅<1%,5.0,60.8
121,001239.SZ,20260401,15.86,261600.0,414.8976,0.0,0.2295,4.82,0.0352,0.0,0.0,0.0,0.0,0,,0.0,0.2295,0.0,414.8976,0.0,0.0,0.0,4.82,0.0,0.0352,0.0,0.0,0.0,0.0,0.0,0.0,0.0,1.0,竞价涨幅<1%,5.0,60.82
88,002532.SZ,20260331,17.98,9259000.0,16647.682,1.41,0.23,15.99,0.3675,0.0,1.41,75.03,73.36,0,,4.0,0.23,10.0,16647.682,8.0,1.41,10.0,15.99,10.0,0.3675,4.0,0.0,8.0,1.41,7.086,70.86,1.0,0.0,,5.0,70.86
89,601388.SH,20260331,4.02,6610200.0,2657.3004,2.03,0.3,9.75,0.0445,0.0,2.03,70.75,69.51,0,,4.0,0.3,8.0,2657.3004,10.0,2.03,10.0,9.75,4.0,0.0445,4.0,0.0,10.0,2.03,6.766,67.66,1.0,0.0,,5.0,67.66
95,002160.SZ,20260331,5.79,8887800.0,5146.0362,5.46,0.86,29.1,0.445,0.0,5.46,73.29,69.28,0,,4.0,0.86,10.0,5146.0362,6.0,5.46,10.0,29.1,10.0,0.445,4.0,0.0,10.0,5.46,6.326,63.26,1.0,0.0,,5.0,63.26
96,002578.SZ,20260331,4.67,14678200.0,6854.7194,9.62,1.7,55.23,0.7652,0.0,9.62,72.69,68.92,0,,6.0,1.7,10.0,6854.7194,4.0,9.62,10.0,55.23,10.0,0.7652,4.0,0.0,10.0,9.62,6.326,63.26,0.0,0.0,,5.0,63.26
97,301008.SZ,20260331,41.45,1650600.0,6841.737,17.62,1.42,63.96,0.2272,0.0,17.62,72.47,68.2,0,,6.0,1.42,10.0,6841.737,4.0,17.62,10.0,63.96,10.0,0.2272,4.0,0.0,10.0,17.62,6.18,61.8,0.0,0.0,,5.0,61.8
90,002361.SZ,20260331,16.15,9192200.0,14845.403,7.67,1.14,6.01,0.04,0.0,7.67,66.02,66.34,0,,6.0,1.14,10.0,14845.403,4.0,7.67,10.0,6.01,4.0,0.04,4.0,0.0,10.0,7.67,6.6819999999999995,66.82,0.0,0.0,,5.0,66.82
94,600359.SH,20260331,7.62,940100.0,716.3562,-0.39,0.2464,7.53,0.0463,0.0,0.0,0.0,0.0,0,,0.0,0.2464,0.0,716.3562,0.0,-0.39,0.0,7.53,0.0,0.0463,0.0,0.0,0.0,0.0,0.0,0.0,0.0,1.0,竞价涨幅<1%,5.0,63.47
93,002686.SZ,20260331,,0.0,0.0,0.0,0.0,1.0,0.0,0.0,0.0,0.0,0.0,0,,0.0,0.0,0.0,0.0,0.0,0.0,0.0,1.0,0.0,0.0,0.0,0.0,0.0,0.0,0.0,0.0,0.0,1.0,竞价涨幅<1%,5.0,63.82
92,002980.SZ,20260331,44.02,195400.0,860.1508,0.55,0.1927,1.95,0.0248,0.0,0.0,0.0,0.0,0,,0.0,0.1927,0.0,860.1508,0.0,0.55,0.0,1.95,0.0,0.0248,0.0,0.0,0.0,0.0,0.0,0.0,0.0,1.0,竞价涨幅<1%,5.0,65.72
91,003042.SZ,20260331,19.92,627500.0,1249.98,0.76,0.4927,7.65,0.0439,0.0,0.0,0.0,0.0,0,,0.0,0.4927,0.0,1249.98,0.0,0.76,0.0,7.65,0.0,0.0439,0.0,0.0,0.0,0.0,0.0,0.0,0.0,1.0,竞价涨幅<1%,5.0,65.9
82,002263.SZ,20260330,4.17,18899700.0,7881.1749,2.46,1.01,17.34,0.063,0.0,2.46,77.25,72.61,0,,6.0,1.01,10.0,7881.1749,10.0,2.46,10.0,17.34,6.0,0.063,4.0,0.0,10.0,2.46,6.564,65.64,1.0,0.0,,5.0,65.64
81,600310.SH,20260330,6.99,40342000.0,28199.058,5.91,2.75,20.89,0.9493,0.0,5.91,76.13,72.15,0,,6.0,2.75,10.0,28199.058,6.0,5.91,10.0,20.89,10.0,0.9493,4.0,0.0,10.0,5.91,6.619,66.19,1.0,0.0,,5.0,66.19
80,300204.SZ,20260330,28.45,1519600.0,4323.262,2.49,0.34,7.26,0.0273,0.0,2.49,70.88,69.94,0,,4.0,0.34,8.0,4323.262,10.0,2.49,10.0,7.26,4.0,0.0273,4.0,0.0,10.0,2.49,6.853,68.53,1.0,0.0,,5.0,68.53
83,600110.SH,20260330,9.01,6824500.0,6148.8745,4.04,0.39,5.24,0.0387,0.0,4.04,72.34,69.36,0,,4.0,0.39,10.0,6148.8745,10.0,4.04,10.0,5.24,4.0,0.0387,4.0,0.0,10.0,4.04,6.49,64.9,0.0,0.0,,5.0,64.9
84,003042.SZ,20260330,18.58,831160.0,1544.29528,3.39,0.65,12.6,0.065,0.0,3.39,70.7,68.3,0,,4.0,0.65,6.0,1544.29528,10.0,3.39,10.0,12.6,6.0,0.065,4.0,0.0,10.0,3.39,6.470000000000001,64.7,0.0,0.0,,5.0,64.7
78,603026.SH,20260330,94.79,678800.0,6434.3452,1.0,0.29,2.67,0.0212,0.0,1.0,65.86,67.96,0,,4.0,0.29,10.0,6434.3452,8.0,1.0,8.0,2.67,4.0,0.0212,4.0,0.0,8.0,1.0,7.109999999999999,71.1,0.0,0.0,,5.0,71.1
87,000695.SZ,20260330,14.54,1706100.0,2480.6694,1.75,0.77,8.81,0.0571,0.0,1.75,66.94,65.08,0,,4.0,0.77,8.0,2480.6694,8.0,1.75,10.0,8.81,6.0,0.0571,4.0,0.0,8.0,1.75,6.2299999999999995,62.3,0.0,0.0,,5.0,62.3
86,002038.SZ,20260330,7.0,5722000.0,4005.4,5.9,0.67,13.72,0.0985,0.0,5.9,66.41,64.94,0,,4.0,0.67,8.0,4005.4,6.0,5.9,10.0,13.72,6.0,0.0985,4.0,0.0,10.0,5.9,6.273,62.73,0.0,0.0,,5.0,62.73
85,002995.SZ,20260330,23.49,282000.0,662.418,-0.68,0.2509,1.53,0.024,0.0,0.0,0.0,0.0,0,,0.0,0.2509,0.0,662.418,0.0,-0.68,0.0,1.53,0.0,0.024,0.0,0.0,0.0,0.0,0.0,0.0,0.0,1.0,竞价涨幅<1%,5.0,64.32
79,603399.SH,20260330,11.85,916700.0,1086.2895,1.11,0.1789,3.43,0.0192,0.0,0.0,0.0,0.0,0,,0.0,0.1789,0.0,1086.2895,0.0,1.11,0.0,3.43,0.0,0.0192,0.0,0.0,0.0,0.0,0.0,0.0,0.0,1.0,评分未通过,5.0,69.61
69,000720.SZ,20260327,5.43,38471500.0,20890.0245,8.38,3.06,103.14,1.8172,0.0,8.38,76.37,74.55,0,,8.0,3.06,10.0,20890.0245,4.0,8.38,10.0,103.14,10.0,1.8172,4.0,0.0,10.0,8.38,7.1819999999999995,71.82,1.0,0.0,,5.0,71.82
71,000692.SZ,20260327,5.39,6475200.0,3490.1328,10.0,1.22,24.76,0.2074,0.0,10.0,71.45,70.19,0,,6.0,1.22,8.0,3490.1328,4.0,10.0,10.0,24.76,10.0,0.2074,4.0,0.0,10.0,10.0,6.83,68.3,1.0,0.0,,5.0,68.3
73,000767.SZ,20260327,4.9,30185600.0,14790.944,5.83,1.04,12.19,0.1436,0.0,5.83,72.88,67.93,0,,6.0,1.04,10.0,14790.944,6.0,5.83,10.0,12.19,8.0,0.1436,4.0,0.0,10.0,5.83,6.05,60.5,1.0,0.0,,5.0,60.5
74,600163.SH,20260327,8.82,13048400.0,11508.6888,6.39,0.69,13.62,0.1687,0.0,6.39,72.64,67.14,0,,4.0,0.69,10.0,11508.6888,6.0,6.39,10.0,13.62,10.0,0.1687,4.0,0.0,10.0,6.39,5.89,58.9,0.0,0.0,,5.0,58.9
72,600310.SH,20260327,6.6,14113857.0,9315.1456,10.0,0.96,6.11,0.0707,0.0,10.0,65.41,64.33,0,,4.0,0.96,10.0,9315.1456,4.0,10.0,10.0,6.11,6.0,0.0707,4.0,0.0,10.0,10.0,6.2700000000000005,62.7,0.0,0.0,,5.0,62.7
77,002149.SZ,20260327,44.5,1294300.0,5759.635,-4.79,0.2651,2.56,0.0137,0.0,0.0,0.0,0.0,0,,0.0,0.2651,0.0,5759.635,0.0,-4.79,0.0,2.56,0.0,0.0137,0.0,0.0,0.0,0.0,0.0,0.0,0.0,1.0,竞价涨幅<1%,5.0,57.2
76,002361.SZ,20260327,12.02,3221700.0,3872.4834,-3.06,0.3982,4.02,0.0204,0.0,0.0,0.0,0.0,0,,0.0,0.3982,0.0,3872.4834,0.0,-3.06,0.0,4.02,0.0,0.0204,0.0,0.0,0.0,0.0,0.0,0.0,0.0,1.0,竞价涨幅<1%,5.0,57.22
75,600207.SH,20260327,6.4,2527100.0,1617.344,-2.74,0.232,3.38,0.0274,0.0,0.0,0.0,0.0,0,,0.0,0.232,0.0,1617.344,0.0,-2.74,0.0,3.38,0.0,0.0274,0.0,0.0,0.0,0.0,0.0,0.0,0.0,1.0,竞价涨幅<1%,5.0,58.34
70,601908.SH,20260327,5.03,12386400.0,6230.3592,0.0,0.513,5.22,0.0446,0.0,0.0,0.0,0.0,0,,0.0,0.513,0.0,6230.3592,0.0,0.0,0.0,5.22,0.0,0.0446,0.0,0.0,0.0,0.0,0.0,0.0,0.0,1.0,竞价涨幅<1%,5.0,71.1
51,002902.SZ,20260326,28.0,5517000.0,15447.6,7.9,3.11,10.93,0.769,0.0,7.9,76.19,73.96,0,,8.0,3.11,10.0,15447.6,4.0,7.9,10.0,10.93,10.0,0.769,4.0,0.0,10.0,7.9,7.061,70.61,1.0,0.0,,5.0,70.61
50,002491.SZ,20260326,11.61,4872700.0,5657.2047,1.84,0.41,4.62,0.118,0.0,1.84,73.04,73.27,0,,4.0,0.41,10.0,5657.2047,8.0,1.84,10.0,4.62,8.0,0.118,4.0,0.0,8.0,1.84,7.361,73.61,1.0,0.0,,5.0,73.61
55,000722.SZ,20260326,17.78,8580500.0,15256.129,6.98,1.85,36.24,1.3951,0.0,6.98,75.87,71.31,0,,6.0,1.85,10.0,15256.129,6.0,6.98,10.0,36.24,10.0,1.3951,4.0,0.0,10.0,6.98,6.447,64.47,1.0,0.0,,5.0,64.47
54,000993.SZ,20260326,16.29,2748700.0,4477.6323,3.76,0.63,7.08,0.0442,0.0,3.76,70.3,68.05,0,,4.0,0.63,8.0,4477.6323,10.0,3.76,10.0,7.08,4.0,0.0442,4.0,0.0,10.0,3.76,6.4670000000000005,64.67,0.0,0.0,,5.0,64.67
59,000720.SZ,20260326,5.01,6348500.0,3180.5985,10.11,0.51,15.67,0.3535,0.0,10.11,68.21,66.03,0,,4.0,0.51,8.0,3180.5985,4.0,10.11,10.0,15.67,10.0,0.3535,4.0,0.0,10.0,10.11,6.275,62.75,0.0,0.0,,5.0,62.75
58,300069.SZ,20260326,21.24,962700.0,2044.7748,-2.7,0.8228,10.79,0.0404,0.0,0.0,0.0,0.0,0,,0.0,0.8228,0.0,2044.7748,0.0,-2.7,0.0,10.79,0.0,0.0404,0.0,0.0,0.0,0.0,0.0,0.0,0.0,1.0,竞价涨幅<1%,5.0,63.15
57,301419.SZ,20260326,42.58,350200.0,1491.1516,-2.76,0.4415,4.32,0.045,0.0,0.0,0.0,0.0,0,,0.0,0.4415,0.0,1491.1516,0.0,-2.76,0.0,4.32,0.0,0.045,0.0,0.0,0.0,0.0,0.0,0.0,0.0,1.0,竞价涨幅<1%,5.0,63.61
56,001400.SZ,20260326,150.29,27600.0,414.8004,2.04,0.184,1.0,0.0188,0.0,0.0,0.0,0.0,0,,0.0,0.184,0.0,414.8004,0.0,2.04,0.0,1.0,0.0,0.0188,0.0,0.0,0.0,0.0,0.0,0.0,0.0,1.0,评分未通过,5.0,64.43
53,600345.SH,20260326,40.32,347000.0,1399.104,0.83,0.164,2.44,0.0159,0.0,0.0,0.0,0.0,0,,0.0,0.164,0.0,1399.104,0.0,0.83,0.0,2.44,0.0,0.0159,0.0,0.0,0.0,0.0,0.0,0.0,0.0,1.0,竞价涨幅<1%,5.0,65.01
52,001376.SZ,20260326,18.0,179600.0,323.28,0.67,0.084,1.11,0.0111,0.0,0.0,0.0,0.0,0,,0.0,0.084,0.0,323.28,0.0,0.67,0.0,1.11,0.0,0.0111,0.0,0.0,0.0,0.0,0.0,0.0,0.0,1.0,竞价涨幅<1%,5.0,69.47
40,002218.SZ,20260325,7.73,13355700.0,10323.9561,6.62,0.96,10.34,0.0725,0.0,6.62,70.0,71.33,0,,4.0,0.96,10.0,10323.9561,6.0,6.62,10.0,10.34,6.0,0.0725,4.0,0.0,10.0,6.62,7.333,73.33,1.0,0.0,,5.0,73.33
45,600744.SH,20260325,8.96,7701700.0,6900.7232,2.17,0.38,3.44,0.0252,0.0,2.17,72.28,69.18,0,,4.0,0.38,10.0,6900.7232,10.0,2.17,10.0,3.44,4.0,0.0252,4.0,0.0,10.0,2.17,6.453,64.53,1.0,0.0,,5.0,64.53
43,300385.SZ,20260325,21.77,3021900.0,6578.6763,16.23,1.04,18.78,0.1204,0.0,16.23,70.64,68.64,0,,6.0,1.04,10.0,6578.6763,4.0,16.23,10.0,18.78,8.0,0.1204,4.0,0.0,10.0,16.23,6.563,65.63,1.0,0.0,,5.0,65.63
44,600666.SH,20260325,5.28,32372320.0,17092.585,10.0,1.34,8.04,0.085,0.0,10.0,68.12,66.8,0,,6.0,1.34,10.0,17092.585,4.0,10.0,10.0,8.04,6.0,0.085,4.0,0.0,10.0,10.0,6.483,64.83,0.0,0.0,,5.0,64.83
46,000720.SZ,20260325,4.55,6196750.0,2819.52125,9.9,0.49,13.61,0.2391,0.0,9.9,68.43,66.73,0,,4.0,0.49,8.0,2819.52125,4.0,9.9,10.0,13.61,10.0,0.2391,4.0,0.0,10.0,9.9,6.417,64.17,0.0,0.0,,5.0,64.17
49,000722.SZ,20260325,16.62,2536139.0,4215.063018,9.99,0.55,10.28,0.1226,0.0,9.99,65.84,64.68,0,,4.0,0.55,8.0,4215.063018,4.0,9.99,10.0,10.28,8.0,0.1226,4.0,0.0,10.0,9.99,6.293,62.93,0.0,0.0,,5.0,62.93
48,000509.SZ,20260325,4.5,4204000.0,1891.8,0.0,0.3918,5.14,0.047,0.0,0.0,0.0,0.0,0,,0.0,0.3918,0.0,1891.8,0.0,0.0,0.0,5.14,0.0,0.047,0.0,0.0,0.0,0.0,0.0,0.0,0.0,1.0,竞价涨幅<1%,5.0,63.63
47,603527.SH,20260325,10.62,362000.0,384.444,2.02,0.1142,1.25,0.0132,0.0,0.0,0.0,0.0,0,,0.0,0.1142,0.0,384.444,0.0,2.02,0.0,1.25,0.0,0.0132,0.0,0.0,0.0,0.0,0.0,0.0,0.0,1.0,评分未通过,5.0,63.74
42,002795.SZ,20260325,7.55,231800.0,175.009,2.72,0.0534,1.22,0.0115,0.0,0.0,0.0,0.0,0,,0.0,0.0534,0.0,175.009,0.0,2.72,0.0,1.22,0.0,0.0115,0.0,0.0,0.0,0.0,0.0,0.0,0.0,1.0,评分未通过,5.0,68.74
41,300335.SZ,20260325,8.45,3701900.0,3128.1055,0.6,0.9636,5.56,0.0333,0.0,0.0,0.0,0.0,0,,0.0,0.9636,0.0,3128.1055,0.0,0.6,0.0,5.56,0.0,0.0333,0.0,0.0,0.0,0.0,0.0,0.0,0.0,1.0,竞价涨幅<1%,5.0,70.13
23,600758.SH,20260324,5.16,40792662.0,21049.0136,9.09,3.09,41.3,0.4294,0.0,9.09,74.66,68.96,0,2026-03-24 09:59:27.912672,8.0,3.09,10.0,21049.0136,4.0,9.09,10.0,41.3,10.0,0.4294,4.0,0.0,10.0,9.09,6.042,60.42,1.0,0.0,,5.0,60.42
22,600149.SH,20260324,6.5,2596900.0,1687.985,2.2,0.68,8.82,0.0549,0.0,2.2,70.35,67.15,0,2026-03-24 09:59:27.907569,4.0,0.68,6.0,1687.985,10.0,2.2,10.0,8.82,6.0,0.0549,4.0,0.0,10.0,2.2,6.236,62.36,1.0,0.0,,5.0,62.36
21,002218.SZ,20260324,7.05,10919200.0,7698.036,6.98,0.78,9.76,0.0571,0.0,6.98,68.59,66.74,0,2026-03-24 09:59:27.902300,4.0,0.78,10.0,7698.036,6.0,6.98,10.0,9.76,6.0,0.0571,4.0,0.0,10.0,6.98,6.396,63.96,1.0,0.0,,5.0,63.96
25,300385.SZ,20260324,17.88,5645200.0,10093.6176,14.54,1.94,79.52,0.7952,0.0,14.54,71.84,66.13,0,2026-03-24 09:59:27.925692,6.0,1.94,10.0,10093.6176,4.0,14.54,10.0,79.52,10.0,0.7952,4.0,0.0,10.0,14.54,5.757,57.57,0.0,0.0,,5.0,57.57
20,002309.SZ,20260324,4.61,6272400.0,2891.5764,10.02,0.26,3.62,0.0856,0.0,10.02,63.67,64.0,0,2026-03-24 09:59:27.896581,4.0,0.26,8.0,2891.5764,4.0,10.02,10.0,3.62,6.0,0.0856,4.0,0.0,10.0,10.02,6.45,64.5,0.0,0.0,,5.0,64.5
29,603616.SH,20260324,7.25,1842600.0,1335.885,0.0,0.4795,6.25,0.0409,0.0,0.0,0.0,0.0,0,2026-03-24 09:59:27.949945,0.0,0.4795,0.0,1335.885,0.0,0.0,0.0,6.25,0.0,0.0409,0.0,0.0,0.0,0.0,0.0,0.0,0.0,1.0,竞价涨幅<1%,5.0,51.44
28,603727.SH,20260324,19.46,621400.0,1209.2444,-1.47,0.2206,4.46,0.0285,0.0,0.0,0.0,0.0,0,2026-03-24 09:59:27.944007,0.0,0.2206,0.0,1209.2444,0.0,-1.47,0.0,4.46,0.0,0.0285,0.0,0.0,0.0,0.0,0.0,0.0,0.0,1.0,竞价涨幅<1%,5.0,56.49
27,600376.SH,20260324,5.9,7124600.0,4203.514,0.51,0.2762,6.61,0.0319,0.0,0.0,0.0,0.0,0,2026-03-24 09:59:27.937681,0.0,0.2762,0.0,4203.514,0.0,0.51,0.0,6.61,0.0,0.0319,0.0,0.0,0.0,0.0,0.0,0.0,0.0,1.0,竞价涨幅<1%,5.0,56.55
26,001258.SZ,20260324,10.62,5173200.0,5493.9384,0.0,0.5543,6.22,0.0592,0.0,0.0,0.0,0.0,0,2026-03-24 09:59:27.932127,0.0,0.5543,0.0,5493.9384,0.0,0.0,0.0,6.22,0.0,0.0592,0.0,0.0,0.0,0.0,0.0,0.0,0.0,1.0,竞价涨幅<1%,5.0,56.76
24,600844.SH,20260324,4.0,4955000.0,1982.0,-0.74,0.6023,4.17,0.0653,0.0,0.0,0.0,0.0,0,2026-03-24 09:59:27.917662,0.0,0.6023,0.0,1982.0,0.0,-0.74,0.0,4.17,0.0,0.0653,0.0,0.0,0.0,0.0,0.0,0.0,0.0,1.0,竞价涨幅<1%,5.0,59.43
34,002256.SZ,20260323,4.7,23267200.0,10935.584,4.68,1.19,9.18,0.084,0.0,4.68,76.16,69.07,0,2026-03-24 16:18:46.276825,6.0,1.19,10.0,10935.584,10.0,4.68,10.0,9.18,6.0,0.084,4.0,0.0,10.0,4.68,5.843,58.43,1.0,0.0,,5.0,58.43
36,603687.SH,20260323,14.73,4515231.0,6650.9353,10.01,0.82,29.18,0.9731,0.0,10.01,69.44,64.69,0,2026-03-24 16:18:46.284522,4.0,0.82,10.0,6650.9353,4.0,10.01,10.0,29.18,10.0,0.9731,4.0,0.0,10.0,10.01,5.757,57.57,1.0,0.0,,5.0,57.57
31,002309.SZ,20260323,4.19,11884000.0,4979.396,9.97,0.49,6.53,0.0561,0.0,9.97,63.58,63.7,0,2026-03-24 16:18:46.264579,4.0,0.49,8.0,4979.396,4.0,9.97,10.0,6.53,6.0,0.0561,4.0,0.0,10.0,9.97,6.389,63.89,1.0,0.0,,5.0,63.89
35,301658.SZ,20260323,61.0,814100.0,4966.01,1.08,1.97,4.29,0.0352,0.0,1.08,66.28,62.92,0,2026-03-24 16:18:46.280727,6.0,1.97,8.0,4966.01,8.0,1.08,10.0,4.29,4.0,0.0352,4.0,0.0,8.0,1.08,5.789,57.89,0.0,0.0,,5.0,57.89
38,600617.SH,20260323,4.07,7825300.0,3184.8971,2.01,0.44,8.69,0.0442,0.0,2.01,68.61,62.53,0,2026-03-24 16:18:46.292148,4.0,0.44,8.0,3184.8971,10.0,2.01,10.0,8.69,4.0,0.0442,4.0,0.0,10.0,2.01,5.34,53.4,0.0,0.0,,5.0,53.4
39,002428.SZ,20260323,43.0,1720400.0,7397.72,-1.06,0.2634,4.99,0.0889,0.0,0.0,0.0,0.0,0,2026-03-24 16:18:46.295972,0.0,0.2634,0.0,7397.72,0.0,-1.06,0.0,4.99,0.0,0.0889,0.0,0.0,0.0,0.0,0.0,0.0,0.0,1.0,竞价涨幅<1%,5.0,53.2
37,000509.SZ,20260323,4.49,3165700.0,1421.3993,-1.1,0.295,4.63,0.0401,0.0,0.0,0.0,0.0,0,2026-03-24 16:18:46.288500,0.0,0.295,0.0,1421.3993,0.0,-1.1,0.0,4.63,0.0,0.0401,0.0,0.0,0.0,0.0,0.0,0.0,0.0,1.0,竞价涨幅<1%,5.0,57.39
33,000862.SZ,20260323,8.27,4428400.0,3662.2868,-2.01,0.7052,5.49,0.0315,0.0,0.0,0.0,0.0,0,2026-03-24 16:18:46.273002,0.0,0.7052,0.0,3662.2868,0.0,-2.01,0.0,5.49,0.0,0.0315,0.0,0.0,0.0,0.0,0.0,0.0,0.0,1.0,竞价涨幅<1%,5.0,60.43
32,603381.SH,20260323,28.14,309700.0,871.4958,-0.28,0.2179,2.45,0.0134,0.0,0.0,0.0,0.0,0,2026-03-24 16:18:46.269039,0.0,0.2179,0.0,871.4958,0.0,-0.28,0.0,2.45,0.0,0.0134,0.0,0.0,0.0,0.0,0.0,0.0,0.0,1.0,竞价涨幅<1%,5.0,62.29
30,000601.SZ,20260323,8.12,13005000.0,10560.06,-0.25,1.2391,15.75,0.1037,0.0,0.0,0.0,0.0,0,2026-03-24 16:18:46.259142,0.0,1.2391,0.0,10560.06,0.0,-0.25,0.0,15.75,0.0,0.1037,0.0,0.0,0.0,0.0,0.0,0.0,0.0,1.0,竞价涨幅<1%,5.0,64.43
10,000601.SZ,20260320,8.13,32845400.0,26703.3102,9.86,3.13,36.42,1.0174,0.0,9.86,75.38,71.31,0,2026-03-20 10:04:16.328697,8.0,3.13,10.0,26703.3102,4.0,9.86,10.0,36.42,10.0,1.0174,4.0,0.0,10.0,9.86,6.5200000000000005,65.2,1.0,0.0,,5.0,65.2
13,002310.SZ,20260320,3.25,21522208.0,6994.7176,2.85,0.51,4.88,0.0667,0.0,2.85,74.21,69.09,0,2026-03-20 10:04:16.328706,4.0,0.51,10.0,6994.7176,10.0,2.85,10.0,4.88,6.0,0.0667,4.0,0.0,10.0,2.85,6.14,61.4,1.0,0.0,,5.0,61.4
19,601218.SH,20260320,7.7,6611100.0,5090.547,3.63,0.68,3.18,0.0502,0.0,3.63,73.46,66.64,0,2026-03-20 10:04:16.328709,4.0,0.68,10.0,5090.547,10.0,3.63,10.0,3.18,6.0,0.0502,4.0,0.0,10.0,3.63,5.64,56.4,1.0,0.0,,5.0,56.4
11,002902.SZ,20260320,26.36,3296000.0,8688.256,10.02,1.86,18.28,0.0831,0.0,10.02,68.0,66.4,0,2026-03-20 10:04:16.328705,6.0,1.86,10.0,8688.256,4.0,10.02,10.0,18.28,6.0,0.0831,4.0,0.0,10.0,10.02,6.4,64.0,0.0,0.0,,5.0,64.0
18,600979.SH,20260320,5.63,6308600.0,3551.7418,-1.92,0.512,5.78,0.0547,0.0,0.0,0.0,0.0,0,2026-03-20 10:04:16.328709,0.0,0.512,0.0,3551.7418,0.0,-1.92,0.0,5.78,0.0,0.0547,0.0,0.0,0.0,0.0,0.0,0.0,0.0,1.0,竞价涨幅<1%,5.0,56.6
17,300332.SZ,20260320,7.0,6798800.0,4759.16,-1.96,0.8192,7.89,0.0341,0.0,0.0,0.0,0.0,0,2026-03-20 10:04:16.328708,0.0,0.8192,0.0,4759.16,0.0,-1.96,0.0,7.89,0.0,0.0341,0.0,0.0,0.0,0.0,0.0,0.0,0.0,1.0,竞价涨幅<1%,5.0,57.6
16,000617.SZ,20260320,10.5,14810100.0,15550.605,-1.96,0.1171,3.74,0.0265,0.0,0.0,0.0,0.0,0,2026-03-20 10:04:16.328708,0.0,0.1171,0.0,15550.605,0.0,-1.96,0.0,3.74,0.0,0.0265,0.0,0.0,0.0,0.0,0.0,0.0,0.0,1.0,竞价涨幅<1%,5.0,58.2
15,001258.SZ,20260320,10.16,3310400.0,3363.3664,-0.88,0.3547,4.94,0.044,0.0,0.0,0.0,0.0,0,2026-03-20 10:04:16.328707,0.0,0.3547,0.0,3363.3664,0.0,-0.88,0.0,4.94,0.0,0.044,0.0,0.0,0.0,0.0,0.0,0.0,0.0,1.0,竞价涨幅<1%,5.0,59.4
14,000539.SZ,20260320,6.06,7321700.0,4436.9502,-1.78,0.2865,11.1,0.0528,0.0,0.0,0.0,0.0,0,2026-03-20 10:04:16.328707,0.0,0.2865,0.0,4436.9502,0.0,-1.78,0.0,11.1,0.0,0.0528,0.0,0.0,0.0,0.0,0.0,0.0,0.0,1.0,竞价涨幅<1%,5.0,59.8
12,600666.SH,20260320,4.88,22426640.0,10944.2003,0.0,0.9268,9.84,0.0788,0.0,0.0,0.0,0.0,0,2026-03-20 10:04:16.328705,0.0,0.9268,0.0,10944.2003,0.0,0.0,0.0,9.84,0.0,0.0788,0.0,0.0,0.0,0.0,0.0,0.0,0.0,1.0,竞价涨幅<1%,5.0,62.7
4,600121.SH,20260313,5.65,1864000000.0,10533.0,9.92,1.53,23.9,0.1354,0.0,0.0,0.0,71.07,1,2026-03-14 01:35:21.037042,,,,,,,,,,,,,,,,,,,,,
5,000537.SZ,20260313,13.76,869000000.0,11956.0,9.99,0.42,14.12,0.1173,0.0,0.0,0.0,66.11,1,2026-03-14 01:35:21.037046,,,,,,,,,,,,,,,,,,,,,
6,605305.SH,20260313,43.2,65000000.0,2792.0,1.46,0.3,9.28,0.0362,0.0,0.0,0.0,60.46,1,2026-03-14 01:35:21.037047,,,,,,,,,,,,,,,,,,,,,
7,601016.SH,20260312,0.0,0.0,14492.0,4.96,0.58,9.13,0.0595,0.0,0.0,0.0,67.62,1,2026-03-14 01:35:21.045687,,,,,,,,,,,,,,,,,,,,,
8,002432.SZ,20260312,0.0,0.0,7263.0,2.85,0.28,3.31,0.0274,0.0,0.0,0.0,65.3,1,2026-03-14 01:35:21.045851,,,,,,,,,,,,,,,,,,,,,
9,002455.SZ,20260312,0.0,0.0,12562.0,9.98,1.49,9.93,0.2245,0.0,0.0,0.0,64.77,1,2026-03-14 01:35:21.045853,,,,,,,,,,,,,,,,,,,,,
1,601789.SH,20260311,0.0,0.0,0.0,3.61,0.0,0.0,0.0,0.0,0.0,0.0,73.05,0,2026-03-14 01:35:21.027739,,,,,,,,,,,,,,,,,,,,,
2,001332.SZ,20260311,0.0,0.0,0.0,2.01,0.0,0.0,0.0,0.0,0.0,0.0,63.87,0,2026-03-14 01:35:21.027744,,,,,,,,,,,,,,,,,,,,,
3,002445.SZ,20260311,0.0,0.0,0.0,10.09,0.0,0.0,0.0,0.0,0.0,0.0,62.48,0,2026-03-14 01:35:21.027745,,,,,,,,,,,,,,,,,,,,,
